,Module,Group,Quota,NoofBidders,LowestBid,LowestSuccBid,HighestBid,Faculty,Student Type[Acct Type]
0,ACC1002X,LECTURE B1,9,1,10,1,10,SCHOOL OF COMPUTING,Returning Students [P]
1,ACC1002X,LECTURE B1,21,0,0,0,0,SCHOOL OF BUSINESS,Returning Students [P]
2,ACC1002X,LECTURE B2,5,0,0,0,0,SCIENCE,Returning Students [P]
3,ACC1002X,LECTURE B2,17,0,0,0,0,SCHOOL OF COMPUTING,Returning Students [P]
4,ACC1002X,LECTURE B2,37,1,1,1,1,SCHOOL OF BUSINESS,Returning Students [P]
5,ACC2002,LECTURE B,4,0,0,0,0,SCHOOL OF COMPUTING,Returning Students [P]
6,ACC3601,SECTIONAL TEACHING A1,9,0,0,0,0,SCHOOL OF BUSINESS,Returning Students [P]
7,ACC3601,SECTIONAL TEACHING A2,37,0,0,0,0,SCHOOL OF BUSINESS,Returning Students [P]
8,ACC3601,SECTIONAL TEACHING A3,27,0,0,0,0,SCHOOL OF BUSINESS,Returning Students [P]
9,ACC3602,SECTIONAL TEACHING B1,13,0,0,0,0,SCHOOL OF BUSINESS,Returning Students [P]
10,ACC3602,SECTIONAL TEACHING B2,7,1,10,1,10,SCHOOL OF BUSINESS,Returning Students [P]
11,ACC3603,SECTIONAL TEACHING C2,6,0,0,0,0,SCHOOL OF BUSINESS,Returning Students [P]
12,ACC3604,SECTIONAL TEACHING D2,7,0,0,0,0,SCHOOL OF BUSINESS,Returning Students [P]
13,ACC3605,SECTIONAL TEACHING E1,3,0,0,0,0,SCHOOL OF BUSINESS,Returning Students [P]
14,ACC3605,SECTIONAL TEACHING E2,14,0,0,0,0,SCHOOL OF BUSINESS,Returning Students [P]
15,ACC3614,SECTIONAL TEACHING H1,20,0,0,0,0,SCHOOL OF BUSINESS,Returning Students [P]
16,AR2101,DESIGN TUTORIAL 1,17,3,1,1,2,SCHOOL OF DESIGN AND ENVIRONMENT,Returning Students [P]
17,AR2221,LECTURE 1,4,2,1,1,2,SCHOOL OF DESIGN AND ENVIRONMENT,Returning Students [P]
18,AR2723,LECTURE 1,2,3,1,1,2,SCHOOL OF DESIGN AND ENVIRONMENT,Returning Students [P]
19,AR3101,DESIGN TUTORIAL 1,65,1,19,1,19,SCHOOL OF DESIGN AND ENVIRONMENT,Returning Students [P]
20,AR3222,LECTURE 1,55,2,1,1,19,SCHOOL OF DESIGN AND ENVIRONMENT,Returning Students [P]
21,AR4101,DESIGN TUTORIAL 1,46,2,1,1,1,SCHOOL OF DESIGN AND ENVIRONMENT,Returning Students [P]
22,AR4103,DESIGN TUTORIAL 1,19,1,1,1,1,SCHOOL OF DESIGN AND ENVIRONMENT,Returning Students [P]
23,AR5011,LECTURE 1,78,2,1,1,2,SCHOOL OF DESIGN AND ENVIRONMENT,Returning Students [P]
24,AR5321,LECTURE 1,30,4,1,1,1000,SCHOOL OF DESIGN AND ENVIRONMENT,Returning Students [P]
25,AR5610,LECTURE 1,3,0,0,0,0,SCHOOL OF DESIGN AND ENVIRONMENT,Returning Students [P]
26,AS2213,LECTURE 1,2,0,0,0,0,ARTS & SOCIAL SCIENCES,Returning Students [P]
27,AS3234,LECTURE 1,1,0,0,0,0,ARTS & SOCIAL SCIENCES,Returning Students [P]
28,AS3238,LECTURE 1,2,1,1,1,1,ARTS & SOCIAL SCIENCES,Returning Students [P]
29,BN4301,LECTURE 1,14,0,0,0,0,ENGINEERING,Returning Students [P]
30,BN4406,LECTURE 1,47,0,0,0,0,ENGINEERING,Returning Students [P]
31,BSP1004,LECTURE D1,2,3,400,777,1153,ENGINEERING,Returning Students [P]
32,BSP1004,LECTURE D1,4,0,0,0,0,SCHOOL OF COMPUTING,Returning Students [P]
33,BSP1004,LECTURE D1,22,0,0,0,0,SCHOOL OF BUSINESS,Returning Students [P]
34,BSP1004,LECTURE D2,1,1,2450,1,2450,ENGINEERING,Returning Students [P]
35,BSP1004,LECTURE D2,23,0,0,0,0,SCHOOL OF BUSINESS,Returning Students [P]
36,BSP1005,LECTURE D1,27,0,0,0,0,SCHOOL OF BUSINESS,Returning Students [P]
37,BSP1005,LECTURE D2,23,0,0,0,0,SCHOOL OF BUSINESS,Returning Students [P]
38,BSP2005,LECTURE E,12,0,0,0,0,SCHOOL OF COMPUTING,Returning Students [P]
39,BU4380,LECTURE 1,13,3,1,1,100,SCHOOL OF DESIGN AND ENVIRONMENT,Returning Students [P]
40,BU4480,LECTURE 1,28,6,1,1,100,SCHOOL OF DESIGN AND ENVIRONMENT,Returning Students [P]
41,BU4490,LECTURE 1,69,0,0,0,0,SCHOOL OF DESIGN AND ENVIRONMENT,Returning Students [P]
42,CE2134,LECTURE 1,83,12,1,1,800,ENGINEERING,Returning Students [P]
43,CE2155,LECTURE 1,102,12,1,1,800,ENGINEERING,Returning Students [P]
44,CE2184,LECTURE 1,119,9,1,1,400,ENGINEERING,Returning Students [P]
45,CE2407,LECTURE 1,78,13,1,1,400,ENGINEERING,Returning Students [P]
46,CE2408,LECTURE 1,82,7,1,1,500,ENGINEERING,Returning Students [P]
47,CE3101,LECTURE 1,16,1,5,1,5,ENGINEERING,Returning Students [P]
48,CE3115,LECTURE 1,62,4,1,1,100,ENGINEERING,Returning Students [P]
49,CE3121,LECTURE 1,64,2,1,1,100,ENGINEERING,Returning Students [P]
50,CE3165,LECTURE 1,88,7,1,1,100,ENGINEERING,Returning Students [P]
51,CE4103,LECTURE 1,87,4,1,1,10,ENGINEERING,Returning Students [P]
52,CE4104,LECTURE 1,85,5,1,1,10,ENGINEERING,Returning Students [P]
53,CE4257,LECTURE 1,33,0,0,0,0,ENGINEERING,Returning Students [P]
54,CE5101,LECTURE 1,22,0,0,0,0,ENGINEERING,Returning Students [P]
55,CE5104,LECTURE 1,11,2,1,1,900,ENGINEERING,Returning Students [P]
56,CE5105,LECTURE 1,16,0,0,0,0,ENGINEERING,Returning Students [P]
57,CE5108,LECTURE 1,13,4,1,1,1,ENGINEERING,Returning Students [P]
58,CE5203,LECTURE 1,13,0,0,0,0,ENGINEERING,Returning Students [P]
59,CE5205,LECTURE 1,22,0,0,0,0,ENGINEERING,Returning Students [P]
60,CE5509,LECTURE 1,9,3,1,1,100,ENGINEERING,Returning Students [P]
61,CE5514,LECTURE 1,17,0,0,0,0,ENGINEERING,Returning Students [P]
62,CE5604,LECTURE 1,18,3,1,1,1,ENGINEERING,Returning Students [P]
63,CE5712,LECTURE 1,16,1,1,1,1,ENGINEERING,Returning Students [P]
64,CE5805,LECTURE 1,15,1,100,1,100,ENGINEERING,Returning Students [P]
65,CH1101E,LECTURE 1,45,1,1,1,1,ARTS & SOCIAL SCIENCES,Returning Students [P]
66,CH2121,LECTURE 1,13,0,0,0,0,ARTS & SOCIAL SCIENCES,Returning Students [P]
67,CH2161,LECTURE 1,14,0,0,0,0,ARTS & SOCIAL SCIENCES,Returning Students [P]
68,CH2223,LECTURE 1,14,1,1,1,1,ARTS & SOCIAL SCIENCES,Returning Students [P]
69,CH2225,LECTURE 1,16,1,1,1,1,ARTS & SOCIAL SCIENCES,Returning Students [P]
70,CH2271,LECTURE 1,68,0,0,0,0,ARTS & SOCIAL SCIENCES,Returning Students [P]
71,CH3221,SEMINAR-STYLE MODULE CLASS 1,11,0,0,0,0,ARTS & SOCIAL SCIENCES,Returning Students [P]
72,CH3222,LECTURE 1,24,0,0,0,0,ARTS & SOCIAL SCIENCES,Returning Students [P]
73,CH3245,LECTURE 1,33,0,0,0,0,ARTS & SOCIAL SCIENCES,Returning Students [P]
74,CH3261,LECTURE 1,30,0,0,0,0,ARTS & SOCIAL SCIENCES,Returning Students [P]
75,CH4203,SEMINAR-STYLE MODULE CLASS 1,29,0,0,0,0,ARTS & SOCIAL SCIENCES,Returning Students [P]
76,CH4204,SEMINAR-STYLE MODULE CLASS 1,29,0,0,0,0,ARTS & SOCIAL SCIENCES,Returning Students [P]
77,CH4223,SEMINAR-STYLE MODULE CLASS 1,30,1,9,1,9,ARTS & SOCIAL SCIENCES,Returning Students [P]
78,CH4224,SEMINAR-STYLE MODULE CLASS 1,29,0,0,0,0,ARTS & SOCIAL SCIENCES,Returning Students [P]
79,CH4225,SEMINAR-STYLE MODULE CLASS 1,26,0,0,0,0,ARTS & SOCIAL SCIENCES,Returning Students [P]
80,CH4245,SEMINAR-STYLE MODULE CLASS 1,34,0,0,0,0,ARTS & SOCIAL SCIENCES,Returning Students [P]
81,CH4246,SEMINAR-STYLE MODULE CLASS 1,32,0,0,0,0,ARTS & SOCIAL SCIENCES,Returning Students [P]
82,CH4281,SEMINAR-STYLE MODULE CLASS 1,20,1,301,1,301,ARTS & SOCIAL SCIENCES,Returning Students [P]
83,CH5210,SECTIONAL TEACHING 1,20,0,0,0,0,ARTS & SOCIAL SCIENCES,Returning Students [P]
84,CH5211,SECTIONAL TEACHING 1,20,0,0,0,0,ARTS & SOCIAL SCIENCES,Returning Students [P]
85,CH5212,SECTIONAL TEACHING 1,10,0,0,0,0,ARTS & SOCIAL SCIENCES,Returning Students [P]
86,CH5213,SECTIONAL TEACHING 1,18,3,1,1,9,ARTS & SOCIAL SCIENCES,Returning Students [P]
87,CL1101E,LECTURE 1,31,0,0,0,0,ARTS & SOCIAL SCIENCES,Returning Students [P]
88,CL2121,LECTURE 1,20,0,0,0,0,ARTS & SOCIAL SCIENCES,Returning Students [P]
89,CL2207,LECTURE 1,22,0,0,0,0,ARTS & SOCIAL SCIENCES,Returning Students [P]
90,CL2208,LECTURE 1,30,0,0,0,0,ARTS & SOCIAL SCIENCES,Returning Students [P]
91,CL2280,LECTURE 1,76,0,0,0,0,ARTS & SOCIAL SCIENCES,Returning Students [P]
92,CL3204,LECTURE 1,40,0,0,0,0,ARTS & SOCIAL SCIENCES,Returning Students [P]
93,CL3207,LECTURE 1,27,0,0,0,0,ARTS & SOCIAL SCIENCES,Returning Students [P]
94,CL3208,LECTURE 1,34,0,0,0,0,ARTS & SOCIAL SCIENCES,Returning Students [P]
95,CL3221,SEMINAR-STYLE MODULE CLASS 1,5,1,1,1,1,ARTS & SOCIAL SCIENCES,Returning Students [P]
96,CM1101,LECTURE SL1,10,0,0,0,0,SCIENCE,Returning Students [P]
97,CM1111,LECTURE SL1,16,0,0,0,0,SCIENCE,Returning Students [P]
98,CM1417,LECTURE SL1,2,1,99,1,99,SCIENCE,Returning Students [P]
99,CM1417,LECTURE SL1,40,0,0,0,0,SCHOOL OF COMPUTING,Returning Students [P]
100,CM1501,LECTURE 1,152,9,1,1,50,ENGINEERING,Returning Students [P]
101,CM2101,LECTURE SL1,20,0,0,0,0,SCIENCE,Returning Students [P]
102,CM2111,LECTURE SL1,80,0,0,0,0,SCIENCE,Returning Students [P]
103,CM2132,LECTURE SL1,60,1,1,1,1,SCIENCE,Returning Students [P]
104,CM2142,LECTURE SL1,57,3,1,1,1002,SCIENCE,Returning Students [P]
105,CM2161,LECTURE SL1,30,0,0,0,0,SCIENCE,Returning Students [P]
106,CM2165,LECTURE SL1,10,0,0,0,0,SCIENCE,Returning Students [P]
107,CM2263,LECTURE SL1,9,0,0,0,0,SCIENCE,Returning Students [P]
108,CM3221,LECTURE SL1,32,6,1,1,500,SCIENCE,Returning Students [P]
109,CM3222,LECTURE SL1,140,8,1,1,500,SCIENCE,Returning Students [P]
110,CM3242,LECTURE SL1,42,4,1,1,900,SCIENCE,Returning Students [P]
111,CM3292,LECTURE SL1,21,26,1,250,2501,SCIENCE,Returning Students [P]
112,CM4223,LECTURE SL1,31,3,1,1,706,SCIENCE,Returning Students [P]
113,CM4226,LECTURE SL1,14,1,1,1,1,SCIENCE,Returning Students [P]
114,CM4266,LECTURE SL1,41,6,1,1,3500,SCIENCE,Returning Students [P]
115,CN1111E,LECTURE 1,5,0,0,0,0,ENGINEERING,Returning Students [P]
116,CN2121,LECTURE 1,135,13,1,1,50,ENGINEERING,Returning Students [P]
117,CN2121E,LECTURE 1,58,2,1,1,1,ENGINEERING,Returning Students [P]
118,CN2122,LECTURE 1,172,10,1,1,50,ENGINEERING,Returning Students [P]
119,CN2122E,LECTURE 1,14,2,1,1,1,ENGINEERING,Returning Students [P]
120,CN3108,SECTIONAL TEACHING 1,8,3,1,1,10,ENGINEERING,Returning Students [P]
121,CN3108,SECTIONAL TEACHING 2,24,2,1,1,100,ENGINEERING,Returning Students [P]
122,CN3108,SECTIONAL TEACHING 4,9,6,1,1,3823,ENGINEERING,Returning Students [P]
123,CN3121,LECTURE 1,76,7,1,1,10,ENGINEERING,Returning Students [P]
124,CN3122,LECTURE 1,20,0,0,0,0,ENGINEERING,Returning Students [P]
125,CN3125,LECTURE 1,23,0,0,0,0,ENGINEERING,Returning Students [P]
126,CN3132,LECTURE 1,80,6,1,1,10,ENGINEERING,Returning Students [P]
127,CN3421,LECTURE 1,89,7,1,1,10,ENGINEERING,Returning Students [P]
128,CN4111,LECTURE 1,88,8,1,1,10,ENGINEERING,Returning Students [P]
129,CN4118,LECTURE 1,103,6,1,1,455,ENGINEERING,Returning Students [P]
130,CN4119,LECTURE 1,20,0,0,0,0,ENGINEERING,Returning Students [P]
131,CN4201,LECTURE 1,72,3,1,1,1001,ENGINEERING,Returning Students [P]
132,CN4210E,LECTURE 1,22,2,1,1,1,ENGINEERING,Returning Students [P]
133,CN4211E,LECTURE 1,32,0,0,0,0,ENGINEERING,Returning Students [P]
134,CN4216,LECTURE 1,45,0,0,0,0,ENGINEERING,Returning Students [P]
135,CN4216R,LECTURE 1,20,1,285,1,285,ENGINEERING,Returning Students [P]
136,CN4217,LECTURE 1,45,3,1,1,1001,ENGINEERING,Returning Students [P]
137,CN4232,LECTURE 1,51,1,1,1,1,ENGINEERING,Returning Students [P]
138,CN4238,LECTURE 1,57,1,1,1,1,ENGINEERING,Returning Students [P]
139,CN4238E,LECTURE 1,39,1,1,1,1,ENGINEERING,Returning Students [P]
140,CN4241,LECTURE 1,62,1,200,1,200,ENGINEERING,Returning Students [P]
141,CN4246,LECTURE 1,32,1,363,1,363,ENGINEERING,Returning Students [P]
142,CN4246E,LECTURE 1,37,0,0,0,0,ENGINEERING,Returning Students [P]
143,CN5111,LECTURE 1,18,2,1,1,10,ENGINEERING,Returning Students [P]
144,CS1101C,LECTURE 1,7,0,0,0,0,ARTS & SOCIAL SCIENCES,Returning Students [P]
145,CS1101C,LECTURE 2,4,0,0,0,0,ARTS & SOCIAL SCIENCES,Returning Students [P]
146,CS1101S,LECTURE 1,4,0,0,0,0,ARTS & SOCIAL SCIENCES,Returning Students [P]
147,CS1101S,LECTURE 1,5,0,0,0,0,SCHOOL OF COMPUTING,Returning Students [P]
148,CS1101X,LECTURE 1,4,0,0,0,0,ARTS & SOCIAL SCIENCES,Returning Students [P]
149,CS1101X,LECTURE 1,5,0,0,0,0,SCHOOL OF COMPUTING,Returning Students [P]
150,CS1101X,LECTURE 2,8,0,0,0,0,SCHOOL OF COMPUTING,Returning Students [P]
151,CS1101X,LECTURE 3,8,0,0,0,0,SCHOOL OF COMPUTING,Returning Students [P]
152,CS1101Y,LECTURE 1,5,0,0,0,0,SCIENCE,Returning Students [P]
153,CS1101Y,LECTURE 1,2,0,0,0,0,SCHOOL OF COMPUTING,Returning Students [P]
154,CS1101Y,LECTURE 2,2,0,0,0,0,SCIENCE,Returning Students [P]
155,CS1101Y,LECTURE 3,2,0,0,0,0,SCIENCE,Returning Students [P]
156,CS1101Y,LECTURE 3,5,0,0,0,0,SCHOOL OF COMPUTING,Returning Students [P]
157,CS1101Z,LECTURE 1,2,0,0,0,0,SCIENCE,Returning Students [P]
158,CS1101Z,LECTURE 1,5,0,0,0,0,SCHOOL OF COMPUTING,Returning Students [P]
159,CS1101Z,LECTURE 2,4,0,0,0,0,ARTS & SOCIAL SCIENCES,Returning Students [P]
160,CS1101Z,LECTURE 2,2,0,0,0,0,SCIENCE,Returning Students [P]
161,CS1101Z,LECTURE 2,5,0,0,0,0,SCHOOL OF COMPUTING,Returning Students [P]
162,CS1101Z,LECTURE 3,2,0,0,0,0,SCIENCE,Returning Students [P]
163,CS1101Z,LECTURE 3,5,0,0,0,0,SCHOOL OF COMPUTING,Returning Students [P]
164,CS1102,LECTURE 1,10,0,0,0,0,ARTS & SOCIAL SCIENCES,Returning Students [P]
165,CS1102,LECTURE 1,32,0,0,0,0,SCIENCE,Returning Students [P]
166,CS1102,LECTURE 1,30,3,1,1,10,SCHOOL OF COMPUTING,Returning Students [P]
167,CS1102C,LECTURE 1,8,0,0,0,0,ARTS & SOCIAL SCIENCES,Returning Students [P]
168,CS1102C,LECTURE 1,4,0,0,0,0,SCHOOL OF COMPUTING,Returning Students [P]
169,CS1105,LECTURE 1,35,1,1,1,1,SCHOOL OF COMPUTING,Returning Students [P]
170,CS1105,LECTURE 2,48,0,0,0,0,SCHOOL OF COMPUTING,Returning Students [P]
171,CS1231X,LECTURE 1,76,0,0,0,0,SCHOOL OF COMPUTING,Returning Students [P]
172,CS1231Y,LECTURE 1,67,1,1,1,1,SCHOOL OF COMPUTING,Returning Students [P]
173,CS1280,LECTURE 1,140,0,0,0,0,SCHOOL OF COMPUTING,Returning Students [P]
174,CS1281,LECTURE 1,20,0,0,0,0,SCHOOL OF COMPUTING,Returning Students [P]
175,CS2102,LECTURE 1,4,0,0,0,0,ARTS & SOCIAL SCIENCES,Returning Students [P]
176,CS2102,LECTURE 2,4,0,0,0,0,ARTS & SOCIAL SCIENCES,Returning Students [P]
177,CS2102,LECTURE 2,14,0,0,0,0,ENGINEERING,Returning Students [P]
178,CS2102S,LECTURE 1,4,0,0,0,0,ARTS & SOCIAL SCIENCES,Returning Students [P]
179,CS2102S,LECTURE 1,39,2,1,1,50,SCHOOL OF COMPUTING,Returning Students [P]
180,CS2102S,LECTURE 2,4,0,0,0,0,ARTS & SOCIAL SCIENCES,Returning Students [P]
181,CS2102S,LECTURE 2,17,1,50,1,50,SCHOOL OF COMPUTING,Returning Students [P]
182,CS2103,LECTURE 1,15,1,50,1,50,ENGINEERING,Returning Students [P]
183,CS2103,LECTURE 1,20,3,1,1,50,SCHOOL OF COMPUTING,Returning Students [P]
184,CS2103,LECTURE 2,18,1,1,1,1,ENGINEERING,Returning Students [P]
185,CS2103,LECTURE 2,35,0,0,0,0,SCHOOL OF COMPUTING,Returning Students [P]
186,CS2105,LECTURE 1,50,4,1,1,11,SCHOOL OF COMPUTING,Returning Students [P]
187,CS2106,LECTURE 1,36,0,0,0,0,ENGINEERING,Returning Students [P]
188,CS2106,LECTURE 1,32,3,1,1,1,SCHOOL OF COMPUTING,Returning Students [P]
189,CS2250,LECTURE 1,54,8,1,1,150,SCHOOL OF COMPUTING,Returning Students [P]
190,CS2261,LECTURE 1,62,2,1,1,2488,SCHOOL OF COMPUTING,Returning Students [P]
191,CS2271,LECTURE 1,16,0,0,0,0,SCHOOL OF COMPUTING,Returning Students [P]
192,CS2301,LECTURE 1,10,6,1,1,1700,SCHOOL OF COMPUTING,Returning Students [P]
193,CS3103,LECTURE 1,38,2,11,1,100,SCHOOL OF COMPUTING,Returning Students [P]
194,CS3212,LECTURE 1,99,2,1,1,3000,SCHOOL OF COMPUTING,Returning Students [P]
195,CS3214,LECTURE 1,30,0,0,0,0,SCHOOL OF COMPUTING,Returning Students [P]
196,CS3215,LECTURE 1,46,2,1,1,1,SCHOOL OF COMPUTING,Returning Students [P]
197,CS3220,LECTURE 1,49,1,100,1,100,SCHOOL OF COMPUTING,Returning Students [P]
198,CS3230,LECTURE 1,16,0,0,0,0,SCIENCE,Returning Students [P]
199,CS3230,LECTURE 1,19,1,1,1,1,ENGINEERING,Returning Students [P]
200,CS3230,LECTURE 1,2,4,100,2000,3000,SCHOOL OF COMPUTING,Returning Students [P]
201,CS3234,LECTURE 1,34,1,11,1,11,SCHOOL OF COMPUTING,Returning Students [P]
202,CS3235,LECTURE 1,69,8,1,1,1400,SCHOOL OF COMPUTING,Returning Students [P]
203,CS3241,LECTURE 1,15,3,1,1,100,ENGINEERING,Returning Students [P]
204,CS3241,LECTURE 1,37,3,1,1,700,SCHOOL OF COMPUTING,Returning Students [P]
205,CS3242,LECTURE 1,16,3,1,1,700,SCHOOL OF COMPUTING,Returning Students [P]
206,CS3251,LECTURE 1,51,3,1,1,100,SCHOOL OF COMPUTING,Returning Students [P]
207,CS3254,LECTURE 1,75,2,101,1,300,SCHOOL OF COMPUTING,Returning Students [P]
208,CS3266,LECTURE 1,20,6,1,1,60,SCHOOL OF COMPUTING,Returning Students [P]
209,CS3267,LECTURE 1,114,2,1,1,5,SCHOOL OF COMPUTING,Returning Students [P]
210,CS3342,LECTURE 1,1,0,0,0,0,ARTS & SOCIAL SCIENCES,Returning Students [P]
211,CS3343,LECTURE 1,2,5,1,874,1000,SCHOOL OF COMPUTING,Returning Students [P]
212,CS3361,LECTURE 1,65,2,1,1,2000,SCHOOL OF COMPUTING,Returning Students [P]
213,CS4211,LECTURE 1,12,2,1,1,1000,SCHOOL OF COMPUTING,Returning Students [P]
214,CS4221,LECTURE 1,28,6,1,1,1000,SCHOOL OF COMPUTING,Returning Students [P]
215,CS4237,LECTURE 1,25,3,100,1,2000,SCHOOL OF COMPUTING,Returning Students [P]
216,CS4243,LECTURE 1,5,10,1,735,3000,SCHOOL OF COMPUTING,Returning Students [P]
217,CS4260,LECTURE 1,26,0,0,0,0,SCHOOL OF COMPUTING,Returning Students [P]
218,CS4264,LECTURE 1,2,3,600,705,1500,SCHOOL OF COMPUTING,Returning Students [P]
219,CS4265,LECTURE 1,21,1,1,1,1,SCHOOL OF COMPUTING,Returning Students [P]
220,CS4274,LECTURE 1,23,0,0,0,0,SCHOOL OF COMPUTING,Returning Students [P]
221,CS4344,LECTURE 1,7,2,1,1,1000,SCHOOL OF COMPUTING,Returning Students [P]
222,CS5206,LECTURE 1,10,6,1,1,3937,SCHOOL OF COMPUTING,Returning Students [P]
223,CS5208,LECTURE 1,10,0,0,0,0,SCHOOL OF COMPUTING,Returning Students [P]
224,CS5220,LECTURE 1,7,2,100,1,400,SCHOOL OF COMPUTING,Returning Students [P]
225,CS5223,LECTURE 1,9,1,4000,1,4000,SCHOOL OF COMPUTING,Returning Students [P]
226,CS5229,LECTURE 1,8,0,0,0,0,SCHOOL OF COMPUTING,Returning Students [P]
227,CS5230,LECTURE 1,8,0,0,0,0,SCHOOL OF COMPUTING,Returning Students [P]
228,CS5237,LECTURE 1,4,0,0,0,0,SCHOOL OF COMPUTING,Returning Students [P]
229,CS5238,LECTURE 1,6,0,0,0,0,SCHOOL OF COMPUTING,Returning Students [P]
230,CS5240,LECTURE 1,5,3,1,1,500,SCHOOL OF COMPUTING,Returning Students [P]
231,CS5246,LECTURE 1,8,0,0,0,0,SCHOOL OF COMPUTING,Returning Students [P]
232,CS5249,LECTURE 1,5,1,100,1,100,SCHOOL OF COMPUTING,Returning Students [P]
233,CS5322,LECTURE 1,10,0,0,0,0,SCHOOL OF COMPUTING,Returning Students [P]
234,CS5341,LECTURE 1,10,0,0,0,0,SCHOOL OF COMPUTING,Returning Students [P]
235,CZ1102,LECTURE SL1,33,3,1,1,308,SCIENCE,Returning Students [P]
236,CZ4102,LECTURE SL1,30,0,0,0,0,SCIENCE,Returning Students [P]
237,DSC2003,LECTURE C1,4,0,0,0,0,SCHOOL OF COMPUTING,Returning Students [P]
238,DSC2003,LECTURE C1,84,4,1,1,2099,SCHOOL OF BUSINESS,Returning Students [P]
239,DSC2003,LECTURE C2,11,0,0,0,0,SCHOOL OF COMPUTING,Returning Students [P]
240,DSC2006,LECTURE F1,14,2,1,1,199,SCHOOL OF BUSINESS,Returning Students [P]
241,DSC2006,LECTURE F2,35,1,1,1,1,SCHOOL OF BUSINESS,Returning Students [P]
242,DSC3201,SECTIONAL TEACHING A1,4,0,0,0,0,SCHOOL OF COMPUTING,Returning Students [P]
243,DSC3201,SECTIONAL TEACHING A1,10,3,2,1,201,SCHOOL OF BUSINESS,Returning Students [P]
244,DSC3201,SECTIONAL TEACHING A2,16,3,1,1,1457,SCHOOL OF BUSINESS,Returning Students [P]
245,DSC3202,SECTIONAL TEACHING B1,2,0,0,0,0,SCIENCE,Returning Students [P]
246,DSC3203,SECTIONAL TEACHING C1,2,3,1,1,10,SCHOOL OF BUSINESS,Returning Students [P]
247,DSC3203,SECTIONAL TEACHING C2,6,0,0,0,0,SCHOOL OF BUSINESS,Returning Students [P]
248,DSC3222J,SECTIONAL TEACHING G1,1,1,400,1,400,SCHOOL OF BUSINESS,Returning Students [P]
249,DSC4211B,SECTIONAL TEACHING F1,2,2,251,1,649,SCHOOL OF BUSINESS,Returning Students [P]
250,EC1101E,LECTURE 1,10,0,0,0,0,ARTS & SOCIAL SCIENCES,Returning Students [P]
251,EC1101E,LECTURE 2,11,1,1,1,1,ARTS & SOCIAL SCIENCES,Returning Students [P]
252,EC1301,LECTURE 1,71,8,1,1,50,ENGINEERING,Returning Students [P]
253,EC1301,LECTURE 1,14,0,0,0,0,SCHOOL OF COMPUTING,Returning Students [P]
254,EC1301,LECTURE 2,15,8,1,1,1500,SCIENCE,Returning Students [P]
255,EC1301,LECTURE 2,88,3,1,1,300,ENGINEERING,Returning Students [P]
256,EC1301,LECTURE 2,24,0,0,0,0,SCHOOL OF COMPUTING,Returning Students [P]
257,EC1301,LECTURE 3,53,10,1,1,2000,ENGINEERING,Returning Students [P]
258,EC1301,LECTURE 3,22,0,0,0,0,SCHOOL OF COMPUTING,Returning Students [P]
259,EC2101,LECTURE 1,27,0,0,0,0,ARTS & SOCIAL SCIENCES,Returning Students [P]
260,EC2102,LECTURE 1,79,0,0,0,0,ARTS & SOCIAL SCIENCES,Returning Students [P]
261,EC3304,LECTURE 1,12,2,1,1,1,ARTS & SOCIAL SCIENCES,Returning Students [P]
262,EC3373,LECTURE 1,4,10,100,504,1203,ARTS & SOCIAL SCIENCES,Returning Students [P]
263,EC4101,LECTURE 1,53,4,1,1,1791,ARTS & SOCIAL SCIENCES,Returning Students [P]
264,EC4102,LECTURE 1,40,1,1,1,1,ARTS & SOCIAL SCIENCES,Returning Students [P]
265,EC4303,LECTURE 1,18,1,500,1,500,ARTS & SOCIAL SCIENCES,Returning Students [P]
266,EC4332,LECTURE 1,18,0,0,0,0,ARTS & SOCIAL SCIENCES,Returning Students [P]
267,EC4341,LECTURE 1,29,0,0,0,0,ARTS & SOCIAL SCIENCES,Returning Students [P]
268,EC4396,SECTIONAL TEACHING 1,40,0,0,0,0,ARTS & SOCIAL SCIENCES,Returning Students [P]
269,EC4880,LECTURE 1,11,0,0,0,0,ARTS & SOCIAL SCIENCES,Returning Students [P]
270,EC5104,SECTIONAL TEACHING 1,14,0,0,0,0,ARTS & SOCIAL SCIENCES,Returning Students [P]
271,EE2001,LECTURE L1,3,8,600,2399,2400,ENGINEERING,Returning Students [P]
272,EE2001,LECTURE L2,52,1,1500,1,1500,ENGINEERING,Returning Students [P]
273,EE2004,LECTURE ALL,39,0,0,0,0,ENGINEERING,Returning Students [P]
274,EE2004E,LECTURE 1,96,5,1,1,1,ENGINEERING,Returning Students [P]
275,EE2005,LECTURE ALL,4,0,0,0,0,SCIENCE,Returning Students [P]
276,EE2010,PACKAGED LECTURE 1,8,2,1,1,100,ENGINEERING,Returning Students [P]
277,EE2010,PACKAGED LECTURE 2,10,0,0,0,0,ENGINEERING,Returning Students [P]
278,EE2010,PACKAGED LECTURE 3,8,0,0,0,0,ENGINEERING,Returning Students [P]
279,EE2010,PACKAGED LECTURE 4,10,0,0,0,0,ENGINEERING,Returning Students [P]
280,EE2010E,LECTURE 1,97,4,1,1,1,ENGINEERING,Returning Students [P]
281,EE2011,LECTURE ALL,40,0,0,0,0,ENGINEERING,Returning Students [P]
282,EE3001,LECTURE P,147,5,1,1,333,ENGINEERING,Returning Students [P]
283,EE3101,PACKAGED LECTURE 1,73,9,1,1,1200,ENGINEERING,Returning Students [P]
284,EE3101E,LECTURE 1,52,0,0,0,0,ENGINEERING,Returning Students [P]
285,EE3103,PACKAGED LECTURE 1,63,3,1,1,1000,ENGINEERING,Returning Students [P]
286,EE3103E,LECTURE 1,29,4,1,1,800,ENGINEERING,Returning Students [P]
287,EE3204,PACKAGED LECTURE 1,96,4,10,1,1500,ENGINEERING,Returning Students [P]
288,EE3204E,LECTURE 1,32,0,0,0,0,ENGINEERING,Returning Students [P]
289,EE3206,PACKAGED LECTURE 1,134,7,1,1,500,ENGINEERING,Returning Students [P]
290,EE3206E,LECTURE 1,25,0,0,0,0,ENGINEERING,Returning Students [P]
291,EE3207,PACKAGED LECTURE 1,49,4,1,1,500,ENGINEERING,Returning Students [P]
292,EE3207E,LECTURE 1,36,2,10,1,10,ENGINEERING,Returning Students [P]
293,EE3208E,LECTURE 1,59,1,250,1,250,ENGINEERING,Returning Students [P]
294,EE3302,PACKAGED LECTURE 1,144,4,10,1,1250,ENGINEERING,Returning Students [P]
295,EE3302E,LECTURE 1,59,3,10,1,10,ENGINEERING,Returning Students [P]
296,EE3406,PACKAGED LECTURE 1,140,3,1,1,3901,ENGINEERING,Returning Students [P]
297,EE3407,PACKAGED LECTURE 1,93,1,10,1,10,ENGINEERING,Returning Students [P]
298,EE3408,PACKAGED LECTURE 1,109,3,500,1,1000,ENGINEERING,Returning Students [P]
299,EE3408E,LECTURE 1,45,0,0,0,0,ENGINEERING,Returning Students [P]
300,EE3505,PACKAGED LECTURE 1,94,2,1,1,500,ENGINEERING,Returning Students [P]
301,EE3601,PACKAGED LECTURE 1,120,0,0,0,0,ENGINEERING,Returning Students [P]
302,EE3702,PACKAGED LECTURE 1,8,0,0,0,0,ARTS & SOCIAL SCIENCES,Returning Students [P]
303,EE3702,PACKAGED LECTURE 1,20,7,1,1,2386,ENGINEERING,Returning Students [P]
304,EE4101,PACKAGED LECTURE 1,33,4,3,1,100,ENGINEERING,Returning Students [P]
305,EE4103,PACKAGED LECTURE 1,68,1,100,1,100,ENGINEERING,Returning Students [P]
306,EE4104,PACKAGED LECTURE 1,19,0,0,0,0,ENGINEERING,Returning Students [P]
307,EE4112,PACKAGED LECTURE 1,47,0,0,0,0,ENGINEERING,Returning Students [P]
308,EE4214,PACKAGED LECTURE 1,67,5,1,1,500,ENGINEERING,Returning Students [P]
309,EE4214E,LECTURE 1,26,1,1,1,1,ENGINEERING,Returning Students [P]
310,EE4305,PACKAGED LECTURE 1,24,13,1,1,1001,ENGINEERING,Returning Students [P]
311,EE4411,PACKAGED LECTURE 1,11,3,10,1,1000,ENGINEERING,Returning Students [P]
312,EE4411E,LECTURE 1,25,5,1,1,50,ENGINEERING,Returning Students [P]
313,EE4412,PACKAGED LECTURE 1,34,1,300,1,300,ENGINEERING,Returning Students [P]
314,EE4412E,LECTURE 1,47,2,1,1,10,ENGINEERING,Returning Students [P]
315,EE4502,LECTURE 1,36,5,10,1,1000,ENGINEERING,Returning Students [P]
316,EE4505,PACKAGED LECTURE 1,45,5,1,1,5139,ENGINEERING,Returning Students [P]
317,EE4506,PACKAGED LECTURE 1,40,2,100,1,1001,ENGINEERING,Returning Students [P]
318,EE4601,PACKAGED LECTURE 1,46,1,10,1,10,ENGINEERING,Returning Students [P]
319,EE4604,PACKAGED LECTURE 1,38,5,1,1,3500,ENGINEERING,Returning Students [P]
320,EG1108,LECTURE 1,10,0,0,0,0,SCHOOL OF COMPUTING,Returning Students [P]
321,EG1108,LECTURE 2,4,0,0,0,0,SCHOOL OF COMPUTING,Returning Students [P]
322,EG2401,LECTURE 1,28,29,1,1,2000,ENGINEERING,Returning Students [P]
323,EG2401,LECTURE 2,49,15,1,1,2500,ENGINEERING,Returning Students [P]
324,EL2101,LECTURE 1,105,0,0,0,0,ARTS & SOCIAL SCIENCES,Returning Students [P]
325,EL2102,LECTURE 1,70,0,0,0,0,ARTS & SOCIAL SCIENCES,Returning Students [P]
326,EL2151,LECTURE 1,70,0,0,0,0,ARTS & SOCIAL SCIENCES,Returning Students [P]
327,EL2201,LECTURE 1,61,0,0,0,0,ARTS & SOCIAL SCIENCES,Returning Students [P]
328,EL2202,LECTURE 1,32,0,0,0,0,ARTS & SOCIAL SCIENCES,Returning Students [P]
329,EL2251,LECTURE 1,52,0,0,0,0,ARTS & SOCIAL SCIENCES,Returning Students [P]
330,EL3203,SEMINAR-STYLE MODULE CLASS 1,6,0,0,0,0,ARTS & SOCIAL SCIENCES,Returning Students [P]
331,EL3206,LECTURE 1,47,0,0,0,0,ARTS & SOCIAL SCIENCES,Returning Students [P]
332,EL3208,LECTURE 1,16,0,0,0,0,ARTS & SOCIAL SCIENCES,Returning Students [P]
333,EL3252,SEMINAR-STYLE MODULE CLASS 1,14,0,0,0,0,ARTS & SOCIAL SCIENCES,Returning Students [P]
334,EL3880B,SEMINAR-STYLE MODULE CLASS 1,26,0,0,0,0,ARTS & SOCIAL SCIENCES,Returning Students [P]
335,EL4200,SEMINAR-STYLE MODULE CLASS 1,32,0,0,0,0,ARTS & SOCIAL SCIENCES,Returning Students [P]
336,EL4205,SEMINAR-STYLE MODULE CLASS 1,25,0,0,0,0,ARTS & SOCIAL SCIENCES,Returning Students [P]
337,EL4252,SEMINAR-STYLE MODULE CLASS 1,26,0,0,0,0,ARTS & SOCIAL SCIENCES,Returning Students [P]
338,EL4254,SEMINAR-STYLE MODULE CLASS 1,26,0,0,0,0,ARTS & SOCIAL SCIENCES,Returning Students [P]
339,EL4880,SEMINAR-STYLE MODULE CLASS 1,8,1,1,1,1,ARTS & SOCIAL SCIENCES,Returning Students [P]
340,EN1101E,LECTURE 1,17,0,0,0,0,ARTS & SOCIAL SCIENCES,Returning Students [P]
341,EN2112,LECTURE 1,34,0,0,0,0,ARTS & SOCIAL SCIENCES,Returning Students [P]
342,EN3224,LECTURE 1,6,3,1,1,500,ARTS & SOCIAL SCIENCES,Returning Students [P]
343,EN3248,SEMINAR-STYLE MODULE CLASS 1,5,1,400,1,400,ARTS & SOCIAL SCIENCES,Returning Students [P]
344,EN3266,LECTURE 1,10,0,0,0,0,ARTS & SOCIAL SCIENCES,Returning Students [P]
345,EN3271,SEMINAR-STYLE MODULE CLASS 1,5,0,0,0,0,ARTS & SOCIAL SCIENCES,Returning Students [P]
346,EN4221,SEMINAR-STYLE MODULE CLASS 1,22,0,0,0,0,ARTS & SOCIAL SCIENCES,Returning Students [P]
347,EN4222,SEMINAR-STYLE MODULE CLASS 1,12,0,0,0,0,ARTS & SOCIAL SCIENCES,Returning Students [P]
348,EN4223,SEMINAR-STYLE MODULE CLASS 1,7,0,0,0,0,ARTS & SOCIAL SCIENCES,Returning Students [P]
349,EN4224,SEMINAR-STYLE MODULE CLASS 1,6,0,0,0,0,ARTS & SOCIAL SCIENCES,Returning Students [P]
350,EN4271,SEMINAR-STYLE MODULE CLASS 1,14,0,0,0,0,ARTS & SOCIAL SCIENCES,Returning Students [P]
351,EN4880B,SEMINAR-STYLE MODULE CLASS 1,18,0,0,0,0,ARTS & SOCIAL SCIENCES,Returning Students [P]
352,ES2002,SECTIONAL TEACHING G1,2,0,0,0,0,ARTS & SOCIAL SCIENCES,Returning Students [P]
353,ES2002,SECTIONAL TEACHING G10,2,0,0,0,0,ARTS & SOCIAL SCIENCES,Returning Students [P]
354,ES2002,SECTIONAL TEACHING G11,2,0,0,0,0,ARTS & SOCIAL SCIENCES,Returning Students [P]
355,ES2002,SECTIONAL TEACHING G12,2,0,0,0,0,ARTS & SOCIAL SCIENCES,Returning Students [P]
356,ES2002,SECTIONAL TEACHING G13,2,0,0,0,0,ARTS & SOCIAL SCIENCES,Returning Students [P]
357,ES2002,SECTIONAL TEACHING G14,2,0,0,0,0,ARTS & SOCIAL SCIENCES,Returning Students [P]
358,ES2002,SECTIONAL TEACHING G15,2,0,0,0,0,ARTS & SOCIAL SCIENCES,Returning Students [P]
359,ES2002,SECTIONAL TEACHING G16,2,0,0,0,0,ARTS & SOCIAL SCIENCES,Returning Students [P]
360,ES2002,SECTIONAL TEACHING G17,2,0,0,0,0,ARTS & SOCIAL SCIENCES,Returning Students [P]
361,ES2002,SECTIONAL TEACHING G18,2,0,0,0,0,ARTS & SOCIAL SCIENCES,Returning Students [P]
362,ES2002,SECTIONAL TEACHING G19,2,0,0,0,0,ARTS & SOCIAL SCIENCES,Returning Students [P]
363,ES2002,SECTIONAL TEACHING G2,2,0,0,0,0,ARTS & SOCIAL SCIENCES,Returning Students [P]
364,ES2002,SECTIONAL TEACHING G20,2,0,0,0,0,ARTS & SOCIAL SCIENCES,Returning Students [P]
365,ES2002,SECTIONAL TEACHING G21,2,0,0,0,0,ARTS & SOCIAL SCIENCES,Returning Students [P]
366,ES2002,SECTIONAL TEACHING G3,2,0,0,0,0,ARTS & SOCIAL SCIENCES,Returning Students [P]
367,ES2002,SECTIONAL TEACHING G4,2,0,0,0,0,ARTS & SOCIAL SCIENCES,Returning Students [P]
368,ES2002,SECTIONAL TEACHING G5,2,0,0,0,0,ARTS & SOCIAL SCIENCES,Returning Students [P]
369,ES2002,SECTIONAL TEACHING G6,2,0,0,0,0,ARTS & SOCIAL SCIENCES,Returning Students [P]
370,ES2002,SECTIONAL TEACHING G7,2,0,0,0,0,ARTS & SOCIAL SCIENCES,Returning Students [P]
371,ES2002,SECTIONAL TEACHING G8,2,0,0,0,0,ARTS & SOCIAL SCIENCES,Returning Students [P]
372,ES2002,SECTIONAL TEACHING G9,2,0,0,0,0,ARTS & SOCIAL SCIENCES,Returning Students [P]
373,ES2007S,SECTIONAL TEACHING 5,2,1,52,1,52,ENGINEERING,Returning Students [P]
374,ES2007S,SECTIONAL TEACHING 8,4,7,467,1400,1509,SCIENCE,Returning Students [P]
375,ES2007S,SECTIONAL TEACHING 8,2,0,0,0,0,ENGINEERING,Returning Students [P]
376,ES2007S,SECTIONAL TEACHING 9,1,0,0,0,0,ENGINEERING,Returning Students [P]
377,ESE3101,LECTURE 1,9,2,5,1,50,ENGINEERING,Returning Students [P]
378,ESE3201,LECTURE 1,9,0,0,0,0,ENGINEERING,Returning Students [P]
379,ESE3301,LECTURE 1,10,0,0,0,0,ENGINEERING,Returning Students [P]
380,ESE3401,LECTURE 1,15,0,0,0,0,ENGINEERING,Returning Students [P]
381,EU2204,LECTURE 1,2,0,0,0,0,ARTS & SOCIAL SCIENCES,Returning Students [P]
382,EU2213,LECTURE 1,12,0,0,0,0,ARTS & SOCIAL SCIENCES,Returning Students [P]
383,EU3212,LECTURE 1,26,0,0,0,0,ARTS & SOCIAL SCIENCES,Returning Students [P]
384,EU3224,LECTURE 1,7,0,0,0,0,ARTS & SOCIAL SCIENCES,Returning Students [P]
385,EU4214,LECTURE 1,1,0,0,0,0,ARTS & SOCIAL SCIENCES,Returning Students [P]
386,EU4226,LECTURE 1,1,0,0,0,0,ARTS & SOCIAL SCIENCES,Returning Students [P]
387,EU4227A,SEMINAR-STYLE MODULE CLASS 1,5,0,0,0,0,ARTS & SOCIAL SCIENCES,Returning Students [P]
388,EU4228,SEMINAR-STYLE MODULE CLASS 1,4,0,0,0,0,ARTS & SOCIAL SCIENCES,Returning Students [P]
389,EU4228,SEMINAR-STYLE MODULE CLASS 2,5,0,0,0,0,ARTS & SOCIAL SCIENCES,Returning Students [P]
390,FIN2004,LECTURE D1,8,0,0,0,0,SCIENCE,Returning Students [P]
391,FIN2004,LECTURE D1,7,1,1,1,1,SCHOOL OF COMPUTING,Returning Students [P]
392,FIN2004,LECTURE D2,8,0,0,0,0,SCIENCE,Returning Students [P]
393,FIN2004,LECTURE D2,6,0,0,0,0,SCHOOL OF COMPUTING,Returning Students [P]
394,FIN3101B,SECTIONAL TEACHING B4,4,1,1000,1,1000,SCIENCE,Returning Students [P]
395,FIN3101B,SECTIONAL TEACHING B5,4,0,0,0,0,SCIENCE,Returning Students [P]
396,FIN3101C,SECTIONAL TEACHING B3,4,0,0,0,0,SCIENCE,Returning Students [P]
397,FIN3102B,SECTIONAL TEACHING C3,5,3,1,1,1038,SCHOOL OF BUSINESS,Returning Students [P]
398,FIN3102B,SECTIONAL TEACHING C4,9,2,10,1,100,SCHOOL OF BUSINESS,Returning Students [P]
399,FIN3102B,SECTIONAL TEACHING C5,8,3,1,1,1000,SCHOOL OF BUSINESS,Returning Students [P]
400,FIN3103B,SECTIONAL TEACHING E3,3,0,0,0,0,SCIENCE,Returning Students [P]
401,FIN3115,SECTIONAL TEACHING G1,16,1,20,1,20,SCHOOL OF BUSINESS,Returning Students [P]
402,FIN3115,SECTIONAL TEACHING G2,13,2,1,1,864,SCHOOL OF BUSINESS,Returning Students [P]
403,FIN3116,SECTIONAL TEACHING H2,1,2,6,859,859,SCHOOL OF BUSINESS,Returning Students [P]
404,FIN4111,SECTIONAL TEACHING K1,10,0,0,0,0,SCIENCE,Returning Students [P]
405,FST2102,LECTURE SL1,7,4,1,1,2,SCIENCE,Returning Students [P]
406,FST3101,LECTURE SL1,4,1,1,1,1,SCIENCE,Returning Students [P]
407,FST3102,LECTURE SL1,18,0,0,0,0,SCIENCE,Returning Students [P]
408,FST3103,LECTURE SL1,4,1,1,1,1,SCIENCE,Returning Students [P]
409,FST3104,LECTURE SL1,6,2,1,1,2,SCIENCE,Returning Students [P]
410,FST3202,LECTURE SL1,2,2,10,1,3130,SCIENCE,Returning Students [P]
411,FST4101,LECTURE SL1,7,0,0,0,0,SCIENCE,Returning Students [P]
412,GE1101E,LECTURE 1,6,2,1,1,200,ARTS & SOCIAL SCIENCES,Returning Students [P]
413,GE2204,LECTURE 1,59,1,215,1,215,ARTS & SOCIAL SCIENCES,Returning Students [P]
414,GE2215,LECTURE 1,6,0,0,0,0,ARTS & SOCIAL SCIENCES,Returning Students [P]
415,GE2221,LECTURE 1,77,1,1,1,1,ARTS & SOCIAL SCIENCES,Returning Students [P]
416,GE2226,LECTURE 1,26,0,0,0,0,ARTS & SOCIAL SCIENCES,Returning Students [P]
417,GE2227,LECTURE 1,31,0,0,0,0,ARTS & SOCIAL SCIENCES,Returning Students [P]
418,GE2228,LECTURE 1,30,0,0,0,0,ARTS & SOCIAL SCIENCES,Returning Students [P]
419,GE3204,LECTURE 1,34,0,0,0,0,ARTS & SOCIAL SCIENCES,Returning Students [P]
420,GE3223,LECTURE 1,17,0,0,0,0,ARTS & SOCIAL SCIENCES,Returning Students [P]
421,GE3231,LECTURE 1,4,1,200,1,200,ARTS & SOCIAL SCIENCES,Returning Students [P]
422,GE3235,LECTURE 1,40,0,0,0,0,ARTS & SOCIAL SCIENCES,Returning Students [P]
423,GE3237,LECTURE 1,15,1,10,1,10,ARTS & SOCIAL SCIENCES,Returning Students [P]
424,GE3880A,LECTURE 1,44,1,1,1,1,ARTS & SOCIAL SCIENCES,Returning Students [P]
425,GE4101A,SEMINAR-STYLE MODULE CLASS 1,6,1,500,1,500,ARTS & SOCIAL SCIENCES,Returning Students [P]
426,GE4101B,SEMINAR-STYLE MODULE CLASS 1,7,2,500,1,1562,ARTS & SOCIAL SCIENCES,Returning Students [P]
427,GE4203,SEMINAR-STYLE MODULE CLASS 1,27,0,0,0,0,ARTS & SOCIAL SCIENCES,Returning Students [P]
428,GE4204,SEMINAR-STYLE MODULE CLASS 1,21,1,200,1,200,ARTS & SOCIAL SCIENCES,Returning Students [P]
429,GE4207,SEMINAR-STYLE MODULE CLASS 1,39,0,0,0,0,ARTS & SOCIAL SCIENCES,Returning Students [P]
430,GE4213,SEMINAR-STYLE MODULE CLASS 1,44,1,10,1,10,ARTS & SOCIAL SCIENCES,Returning Students [P]
431,HR2002,SECTIONAL TEACHING E101,8,2,3000,1,3000,ENGINEERING,Returning Students [P]
432,HR2002,SECTIONAL TEACHING E102,28,3,10,1,1000,ENGINEERING,Returning Students [P]
433,HR2002,SECTIONAL TEACHING E103,5,2,1,1,1,ENGINEERING,Returning Students [P]
434,HR2002,SECTIONAL TEACHING E104,22,1,4000,1,4000,ENGINEERING,Returning Students [P]
435,HR2002,SECTIONAL TEACHING E105,27,2,1,1,100,ENGINEERING,Returning Students [P]
436,HR2002,SECTIONAL TEACHING E201,26,0,0,0,0,ENGINEERING,Returning Students [P]
437,HR2002,SECTIONAL TEACHING E202,27,0,0,0,0,ENGINEERING,Returning Students [P]
438,HR2002,SECTIONAL TEACHING E203,16,0,0,0,0,ENGINEERING,Returning Students [P]
439,HR2002,SECTIONAL TEACHING E204,40,0,0,0,0,ENGINEERING,Returning Students [P]
440,HR2002,SECTIONAL TEACHING E205,21,0,0,0,0,ENGINEERING,Returning Students [P]
441,HR2002,SECTIONAL TEACHING E301,7,2,5,1,10,ENGINEERING,Returning Students [P]
442,HR2002,SECTIONAL TEACHING E302,22,4,10,1,10,ENGINEERING,Returning Students [P]
443,HR2002,SECTIONAL TEACHING E303,20,1,1,1,1,ENGINEERING,Returning Students [P]
444,HR2002,SECTIONAL TEACHING E304,22,0,0,0,0,ENGINEERING,Returning Students [P]
445,HR2002,SECTIONAL TEACHING E305,31,1,1,1,1,ENGINEERING,Returning Students [P]
446,HR2002,SECTIONAL TEACHING E401,8,0,0,0,0,ENGINEERING,Returning Students [P]
447,HR2002,SECTIONAL TEACHING E402,32,0,0,0,0,ENGINEERING,Returning Students [P]
448,HR2002,SECTIONAL TEACHING E403,29,4,19,1,1001,ENGINEERING,Returning Students [P]
449,HR2002,SECTIONAL TEACHING E404,26,0,0,0,0,ENGINEERING,Returning Students [P]
450,HR2002,SECTIONAL TEACHING E405,31,0,0,0,0,ENGINEERING,Returning Students [P]
451,HY2206,LECTURE 1,16,0,0,0,0,ARTS & SOCIAL SCIENCES,Returning Students [P]
452,HY2208,LECTURE 1,32,0,0,0,0,ARTS & SOCIAL SCIENCES,Returning Students [P]
453,HY2229,LECTURE 1,38,1,1,1,1,ARTS & SOCIAL SCIENCES,Returning Students [P]
454,HY2231,LECTURE 1,11,1,303,1,303,ARTS & SOCIAL SCIENCES,Returning Students [P]
455,HY2237,LECTURE 1,4,0,0,0,0,ARTS & SOCIAL SCIENCES,Returning Students [P]
456,HY2242,LECTURE 1,3,2,200,1,2276,ARTS & SOCIAL SCIENCES,Returning Students [P]
457,HY2243,LECTURE 1,144,0,0,0,0,ARTS & SOCIAL SCIENCES,Returning Students [P]
458,HY2246,LECTURE 1,57,0,0,0,0,ARTS & SOCIAL SCIENCES,Returning Students [P]
459,HY2248,LECTURE 1,15,0,0,0,0,ARTS & SOCIAL SCIENCES,Returning Students [P]
460,HY2249,LECTURE 1,31,0,0,0,0,ARTS & SOCIAL SCIENCES,Returning Students [P]
461,HY2250,LECTURE 1,46,0,0,0,0,ARTS & SOCIAL SCIENCES,Returning Students [P]
462,HY3227,LECTURE 1,6,2,200,1,303,ARTS & SOCIAL SCIENCES,Returning Students [P]
463,HY3231,LECTURE 1,28,1,1,1,1,ARTS & SOCIAL SCIENCES,Returning Students [P]
464,HY3238,LECTURE 1,3,1,1,1,1,ARTS & SOCIAL SCIENCES,Returning Students [P]
465,HY3241,LECTURE 1,15,0,0,0,0,ARTS & SOCIAL SCIENCES,Returning Students [P]
466,HY3244,LECTURE 1,30,0,0,0,0,ARTS & SOCIAL SCIENCES,Returning Students [P]
467,HY4101,LECTURE 1,21,0,0,0,0,ARTS & SOCIAL SCIENCES,Returning Students [P]
468,HY4209,LECTURE 1,4,1,10,1,10,ARTS & SOCIAL SCIENCES,Returning Students [P]
469,HY4210,LECTURE 1,2,0,0,0,0,ARTS & SOCIAL SCIENCES,Returning Students [P]
470,HY4212,LECTURE 1,12,1,1,1,1,ARTS & SOCIAL SCIENCES,Returning Students [P]
471,HY4214,LECTURE 1,19,1,1,1,1,ARTS & SOCIAL SCIENCES,Returning Students [P]
472,ID2103,DESIGN TUTORIAL 1,11,1,1,1,1,SCHOOL OF DESIGN AND ENVIRONMENT,Returning Students [P]
473,ID2111,DESIGN TUTORIAL 1,13,1,1,1,1,SCHOOL OF DESIGN AND ENVIRONMENT,Returning Students [P]
474,ID2122,PACKAGED LECTURE 1,12,1,1,1,1,SCHOOL OF DESIGN AND ENVIRONMENT,Returning Students [P]
475,ID2321,PACKAGED LECTURE 1,13,1,1,1,1,SCHOOL OF DESIGN AND ENVIRONMENT,Returning Students [P]
476,ID3103,DESIGN TUTORIAL 1,7,0,0,0,0,SCHOOL OF DESIGN AND ENVIRONMENT,Returning Students [P]
477,ID3121,DESIGN TUTORIAL 1,18,1,1,1,1,SCHOOL OF DESIGN AND ENVIRONMENT,Returning Students [P]
478,ID3122,PACKAGED LECTURE 1,9,1,2,1,2,SCHOOL OF DESIGN AND ENVIRONMENT,Returning Students [P]
479,ID4103,DESIGN TUTORIAL 1,8,2,1,1,2,SCHOOL OF DESIGN AND ENVIRONMENT,Returning Students [P]
480,ID4121,DESIGN TUTORIAL 1,10,2,1,1,2,SCHOOL OF DESIGN AND ENVIRONMENT,Returning Students [P]
481,IE2110,LECTURE 1,28,0,0,0,0,ENGINEERING,Returning Students [P]
482,IE2110E,LECTURE 1,10,0,0,0,0,ENGINEERING,Returning Students [P]
483,IE3101,LECTURE 1,15,2,1,1,1,ENGINEERING,Returning Students [P]
484,IE3110E,LECTURE 1,10,0,0,0,0,ENGINEERING,Returning Students [P]
485,IE3120,LECTURE 1,31,1,800,1,800,ENGINEERING,Returning Students [P]
486,IE4210,LECTURE 1,12,2,1,1,11,ENGINEERING,Returning Students [P]
487,IE4240,LECTURE 1,15,0,0,0,0,ENGINEERING,Returning Students [P]
488,IE5301,LECTURE 1,10,1,1,1,1,ENGINEERING,Returning Students [P]
489,IT1002,LECTURE 1,7,0,0,0,0,ARTS & SOCIAL SCIENCES,Returning Students [P]
490,IT1002,LECTURE 1,31,0,0,0,0,SCIENCE,Returning Students [P]
491,IT2002,LECTURE 1,15,0,0,0,0,ARTS & SOCIAL SCIENCES,Returning Students [P]
492,IT2002,LECTURE 1,20,0,0,0,0,SCIENCE,Returning Students [P]
493,JS2203,LECTURE 1,7,1,6,1,6,ARTS & SOCIAL SCIENCES,Returning Students [P]
494,JS2216,LECTURE 1,88,0,0,0,0,ARTS & SOCIAL SCIENCES,Returning Students [P]
495,JS2228,LECTURE 1,88,1,23,1,23,ARTS & SOCIAL SCIENCES,Returning Students [P]
496,JS3210,SEMINAR-STYLE MODULE CLASS 1,10,0,0,0,0,ARTS & SOCIAL SCIENCES,Returning Students [P]
497,JS3214,SEMINAR-STYLE MODULE CLASS 1,9,0,0,0,0,ARTS & SOCIAL SCIENCES,Returning Students [P]
498,JS3225,LECTURE 1,18,1,10,1,10,ARTS & SOCIAL SCIENCES,Returning Students [P]
499,JS4207,SEMINAR-STYLE MODULE CLASS 1,6,0,0,0,0,ARTS & SOCIAL SCIENCES,Returning Students [P]
500,JS4213,SEMINAR-STYLE MODULE CLASS 1,5,0,0,0,0,ARTS & SOCIAL SCIENCES,Returning Students [P]
501,JS4214,SEMINAR-STYLE MODULE CLASS 1,2,0,0,0,0,ARTS & SOCIAL SCIENCES,Returning Students [P]
502,JS4216,SEMINAR-STYLE MODULE CLASS 1,5,0,0,0,0,ARTS & SOCIAL SCIENCES,Returning Students [P]
503,JS4221,SEMINAR-STYLE MODULE CLASS 1,3,0,0,0,0,ARTS & SOCIAL SCIENCES,Returning Students [P]
504,JS4227,SEMINAR-STYLE MODULE CLASS 1,3,0,0,0,0,ARTS & SOCIAL SCIENCES,Returning Students [P]
505,LA4201,LECTURE 1,6,0,0,0,0,SCHOOL OF DESIGN AND ENVIRONMENT,Returning Students [P]
506,LA4301,LECTURE 1,7,0,0,0,0,SCHOOL OF DESIGN AND ENVIRONMENT,Returning Students [P]
507,LA4701,DESIGN TUTORIAL 1,7,0,0,0,0,SCHOOL OF DESIGN AND ENVIRONMENT,Returning Students [P]
508,LAB1201,LECTURE 1,80,0,0,0,0,ARTS & SOCIAL SCIENCES,Returning Students [P]
509,LAB2201,LECTURE 1,40,0,0,0,0,ARTS & SOCIAL SCIENCES,Returning Students [P]
510,LAB3201,LECTURE 1,14,0,0,0,0,ARTS & SOCIAL SCIENCES,Returning Students [P]
511,LAB3202,LECTURE 1,10,0,0,0,0,ARTS & SOCIAL SCIENCES,Returning Students [P]
512,LAB4201,LECTURE 1,10,0,0,0,0,ARTS & SOCIAL SCIENCES,Returning Students [P]
513,LAC2201,LECTURE 1,19,0,0,0,0,ARTS & SOCIAL SCIENCES,Returning Students [P]
514,LAC2201,LECTURE 2,19,0,0,0,0,ARTS & SOCIAL SCIENCES,Returning Students [P]
515,LAC2201,LECTURE 3,19,0,0,0,0,ARTS & SOCIAL SCIENCES,Returning Students [P]
516,LAC2202,LECTURE 1,3,0,0,0,0,ARTS & SOCIAL SCIENCES,Returning Students [P]
517,LAC3201,LECTURE 1,18,0,0,0,0,ARTS & SOCIAL SCIENCES,Returning Students [P]
518,LAC3202,LECTURE 1,8,0,0,0,0,ARTS & SOCIAL SCIENCES,Returning Students [P]
519,LAC4201,LECTURE 1,8,0,0,0,0,ARTS & SOCIAL SCIENCES,Returning Students [P]
520,LAF1201,LECTURE 1,3,0,0,0,0,ARTS & SOCIAL SCIENCES,Returning Students [P]
521,LAF1201,LECTURE 2,2,0,0,0,0,ARTS & SOCIAL SCIENCES,Returning Students [P]
522,LAF1201,LECTURE 3,3,0,0,0,0,ARTS & SOCIAL SCIENCES,Returning Students [P]
523,LAF1201,LECTURE 4,4,0,0,0,0,ARTS & SOCIAL SCIENCES,Returning Students [P]
524,LAF1201,LECTURE 5,3,0,0,0,0,ARTS & SOCIAL SCIENCES,Returning Students [P]
525,LAF1201,LECTURE 6,3,0,0,0,0,ARTS & SOCIAL SCIENCES,Returning Students [P]
526,LAF1201,LECTURE 7,3,0,0,0,0,ARTS & SOCIAL SCIENCES,Returning Students [P]
527,LAF1201,LECTURE 8,6,0,0,0,0,ARTS & SOCIAL SCIENCES,Returning Students [P]
528,LAF1201,LECTURE 9,5,0,0,0,0,ARTS & SOCIAL SCIENCES,Returning Students [P]
529,LAF2201,LECTURE 1,21,0,0,0,0,ARTS & SOCIAL SCIENCES,Returning Students [P]
530,LAF2201,LECTURE 2,22,0,0,0,0,ARTS & SOCIAL SCIENCES,Returning Students [P]
531,LAF2201,LECTURE 3,23,0,0,0,0,ARTS & SOCIAL SCIENCES,Returning Students [P]
532,LAF3201,LECTURE 1,3,0,0,0,0,ARTS & SOCIAL SCIENCES,Returning Students [P]
533,LAF3201,LECTURE 2,4,0,0,0,0,ARTS & SOCIAL SCIENCES,Returning Students [P]
534,LAF3201,LECTURE 3,5,0,0,0,0,ARTS & SOCIAL SCIENCES,Returning Students [P]
535,LAF3201,LECTURE 4,4,0,0,0,0,ARTS & SOCIAL SCIENCES,Returning Students [P]
536,LAF4201,LECTURE 1,12,0,0,0,0,ARTS & SOCIAL SCIENCES,Returning Students [P]
537,LAG1201,LECTURE 1,4,0,0,0,0,ARTS & SOCIAL SCIENCES,Returning Students [P]
538,LAG1201,LECTURE 10,3,0,0,0,0,ARTS & SOCIAL SCIENCES,Returning Students [P]
539,LAG1201,LECTURE 2,4,0,0,0,0,ARTS & SOCIAL SCIENCES,Returning Students [P]
540,LAG1201,LECTURE 3,3,0,0,0,0,ARTS & SOCIAL SCIENCES,Returning Students [P]
541,LAG1201,LECTURE 4,3,0,0,0,0,ARTS & SOCIAL SCIENCES,Returning Students [P]
542,LAG1201,LECTURE 5,3,0,0,0,0,ARTS & SOCIAL SCIENCES,Returning Students [P]
543,LAG1201,LECTURE 6,5,0,0,0,0,ARTS & SOCIAL SCIENCES,Returning Students [P]
544,LAG1201,LECTURE 7,5,0,0,0,0,ARTS & SOCIAL SCIENCES,Returning Students [P]
545,LAG1201,LECTURE 8,4,0,0,0,0,ARTS & SOCIAL SCIENCES,Returning Students [P]
546,LAG1201,LECTURE 9,3,0,0,0,0,ARTS & SOCIAL SCIENCES,Returning Students [P]
547,LAG2201,LECTURE 1,13,0,0,0,0,ARTS & SOCIAL SCIENCES,Returning Students [P]
548,LAG2201,LECTURE 2,13,0,0,0,0,ARTS & SOCIAL SCIENCES,Returning Students [P]
549,LAG3201,LECTURE 1,7,0,0,0,0,ARTS & SOCIAL SCIENCES,Returning Students [P]
550,LAG3201,LECTURE 2,7,0,0,0,0,ARTS & SOCIAL SCIENCES,Returning Students [P]
551,LAG3201,LECTURE 3,6,0,0,0,0,ARTS & SOCIAL SCIENCES,Returning Students [P]
552,LAG3201,LECTURE 4,6,0,0,0,0,ARTS & SOCIAL SCIENCES,Returning Students [P]
553,LAG4201,LECTURE 1,11,0,0,0,0,ARTS & SOCIAL SCIENCES,Returning Students [P]
554,LAH1201,LECTURE 1,10,1,1,1,1,ARTS & SOCIAL SCIENCES,Returning Students [P]
555,LAJ1201,LECTURE 1,14,0,0,0,0,ARTS & SOCIAL SCIENCES,Returning Students [P]
556,LAJ1201,LECTURE 2,14,0,0,0,0,ARTS & SOCIAL SCIENCES,Returning Students [P]
557,LAJ2201,LECTURE 1,20,0,0,0,0,ARTS & SOCIAL SCIENCES,Returning Students [P]
558,LAJ2201,LECTURE 2,20,0,0,0,0,ARTS & SOCIAL SCIENCES,Returning Students [P]
559,LAJ2202,LECTURE 1,22,0,0,0,0,ARTS & SOCIAL SCIENCES,Returning Students [P]
560,LAJ2203,LECTURE 1,24,2,1,1,12,ARTS & SOCIAL SCIENCES,Returning Students [P]
561,LAJ3201,LECTURE 1,9,0,0,0,0,ARTS & SOCIAL SCIENCES,Returning Students [P]
562,LAJ3203,LECTURE 1,7,0,0,0,0,ARTS & SOCIAL SCIENCES,Returning Students [P]
563,LAK1201,LECTURE 1,5,0,0,0,0,ARTS & SOCIAL SCIENCES,Returning Students [P]
564,LAK1201,LECTURE 2,5,0,0,0,0,ARTS & SOCIAL SCIENCES,Returning Students [P]
565,LAK1201,LECTURE 3,4,0,0,0,0,ARTS & SOCIAL SCIENCES,Returning Students [P]
566,LAL1201,LECTURE 1,10,0,0,0,0,ARTS & SOCIAL SCIENCES,Returning Students [P]
567,LAL2201,LECTURE 1,5,0,0,0,0,ARTS & SOCIAL SCIENCES,Returning Students [P]
568,LAM1201,LECTURE 1,40,0,0,0,0,ARTS & SOCIAL SCIENCES,Returning Students [P]
569,LAM2201,LECTURE 1,12,0,0,0,0,ARTS & SOCIAL SCIENCES,Returning Students [P]
570,LAM3201,LECTURE 1,5,0,0,0,0,ARTS & SOCIAL SCIENCES,Returning Students [P]
571,LAT1201,LECTURE 1,50,0,0,0,0,ARTS & SOCIAL SCIENCES,Returning Students [P]
572,LAT2201,LECTURE 1,15,0,0,0,0,ARTS & SOCIAL SCIENCES,Returning Students [P]
573,LAT3201,LECTURE 1,2,0,0,0,0,ARTS & SOCIAL SCIENCES,Returning Students [P]
574,LAT3202,LECTURE 1,3,0,0,0,0,ARTS & SOCIAL SCIENCES,Returning Students [P]
575,LAT4201,LECTURE 1,2,0,0,0,0,ARTS & SOCIAL SCIENCES,Returning Students [P]
576,LAV1201,LECTURE 1,20,0,0,0,0,ARTS & SOCIAL SCIENCES,Returning Students [P]
577,LAV2201,LECTURE 1,6,0,0,0,0,ARTS & SOCIAL SCIENCES,Returning Students [P]
578,LAV3201,LECTURE 1,5,0,0,0,0,ARTS & SOCIAL SCIENCES,Returning Students [P]
579,LAV3202,LECTURE 1,4,0,0,0,0,ARTS & SOCIAL SCIENCES,Returning Students [P]
580,LSM1101,LECTURE SL1,260,0,0,0,0,SCIENCE,Returning Students [P]
581,LSM1301,LECTURE SL1,1,1,1,1,1,SCIENCE,Returning Students [P]
582,LSM1301,LECTURE SL2,20,1,20,1,20,SCIENCE,Returning Students [P]
583,LSM1302,LECTURE SL1,18,2,11,1,151,SCIENCE,Returning Students [P]
584,LSM1302,LECTURE SL1,14,2,11,1,300,SCHOOL OF COMPUTING,Returning Students [P]
585,LSM1302,LECTURE SL2,10,3,1,1,176,SCIENCE,Returning Students [P]
586,LSM1302,LECTURE SL2,23,0,0,0,0,SCHOOL OF COMPUTING,Returning Students [P]
587,LSM1304,LECTURE SL1,13,0,0,0,0,SCIENCE,Returning Students [P]
588,LSM1304,LECTURE SL1,9,0,0,0,0,SCHOOL OF COMPUTING,Returning Students [P]
589,LSM1401,LECTURE SL1,211,21,1,1,500,ENGINEERING,Returning Students [P]
590,LSM2101,LECTURE SL1,251,0,0,0,0,SCIENCE,Returning Students [P]
591,LSM2103,LECTURE SL1,310,0,0,0,0,SCIENCE,Returning Students [P]
592,LSM2104,LECTURE SL1,300,0,0,0,0,SCIENCE,Returning Students [P]
593,LSM2201,LECTURE SL1,157,6,1,1,500,SCIENCE,Returning Students [P]
594,LSM3231,LECTURE SL1,31,6,50,1,1003,SCIENCE,Returning Students [P]
595,LSM3232,LECTURE SL1,9,10,500,500,1800,SCIENCE,Returning Students [P]
596,LSM3233,LECTURE SL1,81,16,1,1,1003,SCIENCE,Returning Students [P]
597,LSM3244,LECTURE SL1,100,8,1,1,500,SCIENCE,Returning Students [P]
598,LSM3251,LECTURE SL1,34,7,1,1,500,SCIENCE,Returning Students [P]
599,LSM3252,LECTURE SL1,27,9,1,1,1000,SCIENCE,Returning Students [P]
600,LSM3253,LECTURE SL1,28,3,1,1,10,SCIENCE,Returning Students [P]
601,LSM3261,LECTURE SL1,41,9,1,1,1000,SCIENCE,Returning Students [P]
602,LSM3401A,LECTURE SL1,20,0,0,0,0,ENGINEERING,Returning Students [P]
603,LSM4211,LECTURE SL1,13,2,1,1,1000,SCIENCE,Returning Students [P]
604,LSM4212,LECTURE SL1,16,2,1,1,1000,SCIENCE,Returning Students [P]
605,LSM4213,LECTURE SL1,61,0,0,0,0,SCIENCE,Returning Students [P]
606,LSM4222,LECTURE SL1,24,2,500,1,1858,SCIENCE,Returning Students [P]
607,LSM4232,LECTURE SL1,73,2,20,1,500,SCIENCE,Returning Students [P]
608,LSM4241,LECTURE SL1,14,1,1,1,1,SCIENCE,Returning Students [P]
609,LSM4242,LECTURE SL1,14,1,1804,1,1804,SCIENCE,Returning Students [P]
610,LSM4251,LECTURE SL1,12,0,0,0,0,SCIENCE,Returning Students [P]
611,LSM4252,LECTURE SL1,51,0,0,0,0,SCIENCE,Returning Students [P]
612,LSM4261,LECTURE SL1,9,0,0,0,0,SCIENCE,Returning Students [P]
613,MA1100,LECTURE SL1,5,0,0,0,0,SCIENCE,Returning Students [P]
614,MA1102R,LECTURE SL1,9,1,1,1,1,SCIENCE,Returning Students [P]
615,MA1102R,LECTURE SL2,9,0,0,0,0,SCIENCE,Returning Students [P]
616,MA1104,LECTURE SL1,78,0,0,0,0,SCIENCE,Returning Students [P]
617,MA1301,LECTURE SL1,20,0,0,0,0,SCHOOL OF COMPUTING,Returning Students [P]
618,MA1301,LECTURE SL2,15,0,0,0,0,SCHOOL OF COMPUTING,Returning Students [P]
619,MA1311,LECTURE SL1,24,0,0,0,0,SCIENCE,Returning Students [P]
620,MA1421,LECTURE SL1,381,0,0,0,0,SCIENCE,Returning Students [P]
621,MA1505,LECTURE SL1,15,0,0,0,0,SCIENCE,Returning Students [P]
622,MA1505,LECTURE SL1,30,0,0,0,0,SCHOOL OF COMPUTING,Returning Students [P]
623,MA1506,LECTURE SL1,44,0,0,0,0,SCIENCE,Returning Students [P]
624,MA2101,LECTURE SL1,30,1,100,1,100,SCIENCE,Returning Students [P]
625,MA2216,LECTURE SL1,69,4,1,1,50,SCIENCE,Returning Students [P]
626,MA2219,LECTURE SL1,40,4,1,1,10,SCIENCE,Returning Students [P]
627,MA2222,LECTURE SL1,180,120,1,1,1761,SCIENCE,Returning Students [P]
628,MA3111,LECTURE SL1,58,6,1,1,200,SCIENCE,Returning Students [P]
629,MA3205,LECTURE SL1,5,3,100,1,508,SCIENCE,Returning Students [P]
630,MA3209,LECTURE SL1,22,1,1,1,1,SCIENCE,Returning Students [P]
631,MA3220,LECTURE SL1,50,3,1,1,1003,SCIENCE,Returning Students [P]
632,MA3227,LECTURE SL1,8,0,0,0,0,SCIENCE,Returning Students [P]
633,MA3227,LECTURE SL1,5,2,1,1,1,ENGINEERING,Returning Students [P]
634,MA3233,LECTURE SL1,67,4,1,1,100,SCIENCE,Returning Students [P]
635,MA3264,LECTURE SL1,20,5,1,1,302,SCIENCE,Returning Students [P]
636,MA4230,LECTURE SL1,18,0,0,0,0,SCIENCE,Returning Students [P]
637,MA4252,LECTURE SL1,16,2,10,1,50,SCIENCE,Returning Students [P]
638,MA4257,LECTURE SL1,11,3,100,1,101,SCIENCE,Returning Students [P]
639,MA4260,LECTURE SL1,17,1,657,1,657,SCIENCE,Returning Students [P]
640,MA4262,LECTURE SL1,18,1,1,1,1,SCIENCE,Returning Students [P]
641,MA4267,LECTURE SL1,18,2,1,1,100,SCIENCE,Returning Students [P]
642,MA4291,LECTURE SL1,22,1,101,1,101,SCIENCE,Returning Students [P]
643,MA5205,LECTURE SL1,3,0,0,0,0,SCIENCE,Returning Students [P]
644,MA5233,LECTURE SL1,3,0,0,0,0,SCIENCE,Returning Students [P]
645,MA5237,LECTURE SL1,3,0,0,0,0,SCIENCE,Returning Students [P]
646,MA5242,LECTURE SL1,3,0,0,0,0,SCIENCE,Returning Students [P]
647,ME2101E,LECTURE 1,35,0,0,0,0,ENGINEERING,Returning Students [P]
648,ME2103,LECTURE 1,118,2,1,1,1,ENGINEERING,Returning Students [P]
649,ME2113,LECTURE 1,71,1,1,1,1,ENGINEERING,Returning Students [P]
650,ME2121,LECTURE 1,127,3,1,1,1,ENGINEERING,Returning Students [P]
651,ME2121E,LECTURE 1,7,0,0,0,0,ENGINEERING,Returning Students [P]
652,ME2134,LECTURE 1,65,2,1,1,1,ENGINEERING,Returning Students [P]
653,ME2134E,LECTURE 1,32,0,0,0,0,ENGINEERING,Returning Students [P]
654,ME2143,LECTURE 1,108,5,1,1,100,ENGINEERING,Returning Students [P]
655,ME2143E,LECTURE 1,20,0,0,0,0,ENGINEERING,Returning Students [P]
656,ME2151,LECTURE 1,166,12,1,1,100,ENGINEERING,Returning Students [P]
657,ME2151E,LECTURE 1,3,0,0,0,0,ENGINEERING,Returning Students [P]
658,ME3101,LECTURE 1,193,11,1,1,100,ENGINEERING,Returning Students [P]
659,ME3112,LECTURE 1,177,10,1,1,100,ENGINEERING,Returning Students [P]
660,ME3122,LECTURE 1,194,16,1,1,3515,ENGINEERING,Returning Students [P]
661,ME3162,LECTURE 1,179,13,1,1,100,ENGINEERING,Returning Students [P]
662,ME3162E,LECTURE 1,15,0,0,0,0,ENGINEERING,Returning Students [P]
663,ME3211,LECTURE 1,85,3,1,1,1000,ENGINEERING,Returning Students [P]
664,ME3211E,LECTURE 1,48,0,0,0,0,ENGINEERING,Returning Students [P]
665,ME3242,LECTURE 1,99,8,1,1,3414,ENGINEERING,Returning Students [P]
666,ME3242E,LECTURE 1,53,0,0,0,0,ENGINEERING,Returning Students [P]
667,ME3261,LECTURE 1,67,7,1,1,2620,ENGINEERING,Returning Students [P]
668,ME3261E,LECTURE 1,43,1,1,1,1,ENGINEERING,Returning Students [P]
669,ME3263,LECTURE 1,77,9,1,1,1500,ENGINEERING,Returning Students [P]
670,ME3263E,LECTURE 1,36,0,0,0,0,ENGINEERING,Returning Students [P]
671,ME4101A,LECTURE 1,168,9,1,1,3210,ENGINEERING,Returning Students [P]
672,ME4211,LECTURE 1,35,0,0,0,0,ENGINEERING,Returning Students [P]
673,ME4223,LECTURE 1,18,4,20,1,200,ENGINEERING,Returning Students [P]
674,ME4226,LECTURE 1,44,0,0,0,0,ENGINEERING,Returning Students [P]
675,ME4233,LECTURE 1,19,0,0,0,0,ENGINEERING,Returning Students [P]
676,ME4234,LECTURE 1,9,0,0,0,0,ENGINEERING,Returning Students [P]
677,ME4234E,LECTURE 1,49,0,0,0,0,ENGINEERING,Returning Students [P]
678,ME4245,LECTURE 1,71,3,1,1,1500,ENGINEERING,Returning Students [P]
679,ME4245E,LECTURE 1,57,0,0,0,0,ENGINEERING,Returning Students [P]
680,ME4251,LECTURE 1,29,6,2,1,1000,ENGINEERING,Returning Students [P]
681,ME4251E,LECTURE 1,16,2,2,1,1000,ENGINEERING,Returning Students [P]
682,ME4254E,LECTURE 1,2,2,1,1,10,ENGINEERING,Returning Students [P]
683,ME4283,LECTURE 1,53,0,0,0,0,ENGINEERING,Returning Students [P]
684,ME4283E,LECTURE 1,49,0,0,0,0,ENGINEERING,Returning Students [P]
685,ME4293,LECTURE 1,51,0,0,0,0,ENGINEERING,Returning Students [P]
686,MKT1003,LECTURE C1,19,12,1,1,2064,ENGINEERING,Returning Students [P]
687,MKT1003,LECTURE C1,8,1,500,1,500,SCHOOL OF COMPUTING,Returning Students [P]
688,MKT1003,LECTURE C1,54,1,1,1,1,SCHOOL OF BUSINESS,Returning Students [P]
689,MKT1003,LECTURE C2,13,9,1,1,2001,ENGINEERING,Returning Students [P]
690,MKT1003,LECTURE C2,2,0,0,0,0,SCHOOL OF COMPUTING,Returning Students [P]
691,MKT1003,LECTURE C2,54,2,10,1,51,SCHOOL OF BUSINESS,Returning Students [P]
692,MKT1003,LECTURE C3,8,0,0,0,0,SCHOOL OF COMPUTING,Returning Students [P]
693,MKT1003,LECTURE C3,55,2,1,1,1,SCHOOL OF BUSINESS,Returning Students [P]
694,MKT2411,SECTIONAL TEACHING B1,5,5,20,1,500,SCHOOL OF BUSINESS,Returning Students [P]
695,MKT2411,SECTIONAL TEACHING B2,16,12,2,1,1096,SCHOOL OF BUSINESS,Returning Students [P]
696,MKT2413,SECTIONAL TEACHING D1,22,3,1,1,10,SCHOOL OF BUSINESS,Returning Students [P]
697,MKT2413,SECTIONAL TEACHING D2,24,5,1,1,1000,SCHOOL OF BUSINESS,Returning Students [P]
698,MKT3402A,SECTIONAL TEACHING E1,2,1,5,1,5,SCIENCE,Returning Students [P]
699,MKT3402B,SECTIONAL TEACHING E3,2,0,0,0,0,SCIENCE,Returning Students [P]
700,MKT3416,SECTIONAL TEACHING G1,10,8,100,1,1850,SCHOOL OF BUSINESS,Returning Students [P]
701,MKT4412,SECTIONAL TEACHING K1,9,1,200,1,200,SCHOOL OF BUSINESS,Returning Students [P]
702,MLE2101,LECTURE 1,5,0,0,0,0,SCIENCE,Returning Students [P]
703,MLE2101,LECTURE 1,34,5,1,1,500,ENGINEERING,Returning Students [P]
704,MLE2102,LECTURE 1,5,0,0,0,0,SCIENCE,Returning Students [P]
705,MLE2102,LECTURE 1,22,5,1,1,500,ENGINEERING,Returning Students [P]
706,MLE2106,LECTURE 1,5,0,0,0,0,SCIENCE,Returning Students [P]
707,MLE2106,LECTURE 1,26,0,0,0,0,ENGINEERING,Returning Students [P]
708,MLE2107,LECTURE 1,5,0,0,0,0,SCIENCE,Returning Students [P]
709,MLE2107,LECTURE 1,31,0,0,0,0,ENGINEERING,Returning Students [P]
710,MLE3102,LECTURE 1,34,0,0,0,0,ENGINEERING,Returning Students [P]
711,MLE3103,LECTURE 1,14,1,100,1,100,ENGINEERING,Returning Students [P]
712,MLE3104,LECTURE 1,5,0,0,0,0,SCIENCE,Returning Students [P]
713,MLE3104,LECTURE 1,35,0,0,0,0,ENGINEERING,Returning Students [P]
714,MLE3105,LECTURE 1,5,0,0,0,0,SCIENCE,Returning Students [P]
715,MLE3105,LECTURE 1,52,0,0,0,0,ENGINEERING,Returning Students [P]
716,MLE4102,LECTURE 1,10,0,0,0,0,ENGINEERING,Returning Students [P]
717,MLE4201,LECTURE 1,9,0,0,0,0,ENGINEERING,Returning Students [P]
718,MLE4205,LECTURE 1,17,0,0,0,0,ENGINEERING,Returning Students [P]
719,MNO1001,LECTURE A1,7,0,0,0,0,SCHOOL OF BUSINESS,Returning Students [P]
720,MNO1001,LECTURE A2,5,2,50,1,50,SCHOOL OF COMPUTING,Returning Students [P]
721,MNO1001,LECTURE A2,26,0,0,0,0,SCHOOL OF BUSINESS,Returning Students [P]
722,MNO2311,SECTIONAL TEACHING B1,3,0,0,0,0,ENGINEERING,Returning Students [P]
723,MNO2311,SECTIONAL TEACHING B1,8,6,2,1,1184,SCHOOL OF BUSINESS,Returning Students [P]
724,MNO2311,SECTIONAL TEACHING B2,2,0,0,0,0,ENGINEERING,Returning Students [P]
725,MNO2311,SECTIONAL TEACHING B2,7,3,1,1,10,SCHOOL OF BUSINESS,Returning Students [P]
726,MNO2311,SECTIONAL TEACHING B3,4,0,0,0,0,ENGINEERING,Returning Students [P]
727,MNO3301,SECTIONAL TEACHING C1,2,3,1,10,400,SCHOOL OF BUSINESS,Returning Students [P]
728,MNO3301,SECTIONAL TEACHING C2,10,0,0,0,0,SCHOOL OF BUSINESS,Returning Students [P]
729,MNO3301,SECTIONAL TEACHING C3,5,3,5,1,259,SCHOOL OF BUSINESS,Returning Students [P]
730,MNO3303,SECTIONAL TEACHING D1,14,3,1,1,427,SCHOOL OF BUSINESS,Returning Students [P]
731,MNO3303,SECTIONAL TEACHING D2,13,0,0,0,0,SCHOOL OF BUSINESS,Returning Students [P]
732,MNO3303,SECTIONAL TEACHING D3,11,4,1,1,711,SCHOOL OF BUSINESS,Returning Students [P]
733,MNO3313A,SECTIONAL TEACHING E1,16,0,0,0,0,SCHOOL OF BUSINESS,Returning Students [P]
734,MNO3313C,SECTIONAL TEACHING F1,16,1,200,1,200,SCHOOL OF BUSINESS,Returning Students [P]
735,MNO3313G,SECTIONAL TEACHING J1,15,0,0,0,0,SCHOOL OF BUSINESS,Returning Students [P]
736,MNO3313H,SECTIONAL TEACHING H2,14,4,1,1,251,SCHOOL OF BUSINESS,Returning Students [P]
737,MS1102E,LECTURE 1,4,1,10,1,10,ARTS & SOCIAL SCIENCES,Returning Students [P]
738,MS3209,LECTURE 1,69,0,0,0,0,ARTS & SOCIAL SCIENCES,Returning Students [P]
739,MS3210,LECTURE 1,14,0,0,0,0,ARTS & SOCIAL SCIENCES,Returning Students [P]
740,MS3211,LECTURE 1,18,0,0,0,0,ARTS & SOCIAL SCIENCES,Returning Students [P]
741,MS4101,LECTURE 1,6,0,0,0,0,ARTS & SOCIAL SCIENCES,Returning Students [P]
742,MS4203,LECTURE 1,6,0,0,0,0,ARTS & SOCIAL SCIENCES,Returning Students [P]
743,MS4660,LECTURE 1,6,0,0,0,0,ARTS & SOCIAL SCIENCES,Returning Students [P]
744,MUA1163,SECTIONAL TEACHING 1,15,0,0,0,0,YONG SIEW TOH CONSERVATORY OF MUSIC,Returning Students [P]
745,MUA1163,SECTIONAL TEACHING 2,11,1,238,1,238,YONG SIEW TOH CONSERVATORY OF MUSIC,Returning Students [P]
746,MUA1163,SECTIONAL TEACHING 3,15,1,1,1,1,YONG SIEW TOH CONSERVATORY OF MUSIC,Returning Students [P]
747,MUA2111,SECTIONAL TEACHING 1,2,1,1,1,1,YONG SIEW TOH CONSERVATORY OF MUSIC,Returning Students [P]
748,MUA2113,SECTIONAL TEACHING 1,6,0,0,0,0,YONG SIEW TOH CONSERVATORY OF MUSIC,Returning Students [P]
749,MUA2207,SECTIONAL TEACHING 1,5,0,0,0,0,YONG SIEW TOH CONSERVATORY OF MUSIC,Returning Students [P]
750,MUA3105,SECTIONAL TEACHING 1,3,2,50,1,100,YONG SIEW TOH CONSERVATORY OF MUSIC,Returning Students [P]
751,MUA3111,SECTIONAL TEACHING 1,4,0,0,0,0,YONG SIEW TOH CONSERVATORY OF MUSIC,Returning Students [P]
752,MUA3113,SECTIONAL TEACHING 1,2,0,0,0,0,YONG SIEW TOH CONSERVATORY OF MUSIC,Returning Students [P]
753,MUA3209,SECTIONAL TEACHING 1,11,2,1,1,1000,YONG SIEW TOH CONSERVATORY OF MUSIC,Returning Students [P]
754,MUA3210,SECTIONAL TEACHING 1,8,0,0,0,0,YONG SIEW TOH CONSERVATORY OF MUSIC,Returning Students [P]
755,MUA4113,SECTIONAL TEACHING 1,1,0,0,0,0,YONG SIEW TOH CONSERVATORY OF MUSIC,Returning Students [P]
756,MUA4203,SECTIONAL TEACHING 1,7,0,0,0,0,YONG SIEW TOH CONSERVATORY OF MUSIC,Returning Students [P]
757,MUH2115,LECTURE 1,26,0,0,0,0,YONG SIEW TOH CONSERVATORY OF MUSIC,Returning Students [P]
758,MUH2115,LECTURE 2,28,0,0,0,0,YONG SIEW TOH CONSERVATORY OF MUSIC,Returning Students [P]
759,MUH3205,SECTIONAL TEACHING 1,15,6,1,1,1000,YONG SIEW TOH CONSERVATORY OF MUSIC,Returning Students [P]
760,MUL2101,SECTIONAL TEACHING 1,19,0,0,0,0,YONG SIEW TOH CONSERVATORY OF MUSIC,Returning Students [P]
761,MUL2101,SECTIONAL TEACHING 2,18,0,0,0,0,YONG SIEW TOH CONSERVATORY OF MUSIC,Returning Students [P]
762,MUL2101,SECTIONAL TEACHING 3,20,0,0,0,0,YONG SIEW TOH CONSERVATORY OF MUSIC,Returning Students [P]
763,MUL3202,SECTIONAL TEACHING 1,14,0,0,0,0,YONG SIEW TOH CONSERVATORY OF MUSIC,Returning Students [P]
764,MUL3202,SECTIONAL TEACHING 2,9,1,1,1,1,YONG SIEW TOH CONSERVATORY OF MUSIC,Returning Students [P]
765,MUL3202,SECTIONAL TEACHING 3,6,0,0,0,0,YONG SIEW TOH CONSERVATORY OF MUSIC,Returning Students [P]
766,MUT2209,SECTIONAL TEACHING 1,4,2,1,1,1,YONG SIEW TOH CONSERVATORY OF MUSIC,Returning Students [P]
767,NM1101E,LECTURE 1,13,0,0,0,0,SCHOOL OF COMPUTING,Returning Students [P]
768,NM2101,LECTURE 1,12,1,2,1,2,ARTS & SOCIAL SCIENCES,Returning Students [P]
769,NM2101,LECTURE 1,2,3,5,1000,1573,SCHOOL OF COMPUTING,Returning Students [P]
770,NM2102,LECTURE 1,55,0,0,0,0,ARTS & SOCIAL SCIENCES,Returning Students [P]
771,NM2102,LECTURE 1,5,0,0,0,0,SCHOOL OF COMPUTING,Returning Students [P]
772,NM2201,LECTURE 1,10,0,0,0,0,SCHOOL OF COMPUTING,Returning Students [P]
773,NM2210,LECTURE 1,11,0,0,0,0,SCHOOL OF COMPUTING,Returning Students [P]
774,NM2216,LECTURE 1,11,6,10,1,500,ARTS & SOCIAL SCIENCES,Returning Students [P]
775,NM2216,LECTURE 1,2,1,1,1,1,ENGINEERING,Returning Students [P]
776,NM2216,LECTURE 1,13,0,0,0,0,SCHOOL OF COMPUTING,Returning Students [P]
777,NM2217,LECTURE 1,5,0,0,0,0,ENGINEERING,Returning Students [P]
778,NM2217,LECTURE 1,8,0,0,0,0,SCHOOL OF COMPUTING,Returning Students [P]
779,NM2219,LECTURE 1,36,2,1,1,11,ARTS & SOCIAL SCIENCES,Returning Students [P]
780,NM2219,LECTURE 1,12,0,0,0,0,SCHOOL OF COMPUTING,Returning Students [P]
781,NM2220,LECTURE 1,42,1,851,1,851,ARTS & SOCIAL SCIENCES,Returning Students [P]
782,NM2220,LECTURE 1,7,0,0,0,0,SCHOOL OF COMPUTING,Returning Students [P]
783,NM2220,LECTURE 2,81,0,0,0,0,ARTS & SOCIAL SCIENCES,Returning Students [P]
784,NM2220,LECTURE 2,6,0,0,0,0,SCHOOL OF COMPUTING,Returning Students [P]
785,NM3210,LECTURE 1,17,0,0,0,0,SCHOOL OF COMPUTING,Returning Students [P]
786,NM3215,LECTURE 1,20,0,0,0,0,SCHOOL OF COMPUTING,Returning Students [P]
787,NM3216,LECTURE 1,1,1,10,1,10,ARTS & SOCIAL SCIENCES,Returning Students [P]
788,NM3216,LECTURE 1,2,0,0,0,0,ENGINEERING,Returning Students [P]
789,NM3217,LECTURE 1,9,4,1,1,60,ARTS & SOCIAL SCIENCES,Returning Students [P]
790,NM3219,LECTURE 1,21,4,5,1,579,ARTS & SOCIAL SCIENCES,Returning Students [P]
791,NM3222,LECTURE 1,2,3,300,600,813,ARTS & SOCIAL SCIENCES,Returning Students [P]
792,NM3223,LECTURE 1,1,0,0,0,0,ARTS & SOCIAL SCIENCES,Returning Students [P]
793,NM3880A,SECTIONAL TEACHING 1,2,3,10,20,20,ARTS & SOCIAL SCIENCES,Returning Students [P]
794,NM3880A,SECTIONAL TEACHING 1,4,0,0,0,0,SCHOOL OF COMPUTING,Returning Students [P]
795,NM3880A,SECTIONAL TEACHING 2,7,7,1,1,942,ARTS & SOCIAL SCIENCES,Returning Students [P]
796,NM3880A,SECTIONAL TEACHING 2,3,0,0,0,0,SCHOOL OF COMPUTING,Returning Students [P]
797,NM4101,SECTIONAL TEACHING 1,3,0,0,0,0,SCHOOL OF COMPUTING,Returning Students [P]
798,NM4204,SECTIONAL TEACHING 1,2,0,0,0,0,ARTS & SOCIAL SCIENCES,Returning Students [P]
799,NM4211,SECTIONAL TEACHING 1,5,0,0,0,0,ARTS & SOCIAL SCIENCES,Returning Students [P]
800,NM4212,SECTIONAL TEACHING 1,4,0,0,0,0,ARTS & SOCIAL SCIENCES,Returning Students [P]
801,NM4213,SECTIONAL TEACHING 1,5,0,0,0,0,ARTS & SOCIAL SCIENCES,Returning Students [P]
802,NM5101,SECTIONAL TEACHING 1,18,0,0,0,0,ARTS & SOCIAL SCIENCES,Returning Students [P]
803,NM5201,SECTIONAL TEACHING 1,18,1,1,1,1,ARTS & SOCIAL SCIENCES,Returning Students [P]
804,NM5206,SECTIONAL TEACHING 1,3,0,0,0,0,ARTS & SOCIAL SCIENCES,Returning Students [P]
805,NM5208,SECTIONAL TEACHING 1,24,0,0,0,0,ARTS & SOCIAL SCIENCES,Returning Students [P]
806,PC1141,LECTURE SL1,9,0,0,0,0,SCIENCE,Returning Students [P]
807,PC1142,LECTURE SL1,8,0,0,0,0,SCIENCE,Returning Students [P]
808,PC1221,LECTURE SL1,8,1,1,1,1,SCIENCE,Returning Students [P]
809,PC1221,LECTURE SL1,15,1,1,1,1,SCHOOL OF COMPUTING,Returning Students [P]
810,PC1222,LECTURE SL1,9,0,0,0,0,SCIENCE,Returning Students [P]
811,PC1323,LECTURE SL1,30,14,1,1,300,SCIENCE,Returning Students [P]
812,PC1325,LECTURE SL1,48,6,1,1,50,SCIENCE,Returning Students [P]
813,PC1327,LECTURE SL1,15,5,1,1,201,SCIENCE,Returning Students [P]
814,PC1431,LECTURE 1,5,0,0,0,0,SCIENCE,Returning Students [P]
815,PC1431,LECTURE 2,5,0,0,0,0,SCIENCE,Returning Students [P]
816,PC1431,LECTURE 3,5,0,0,0,0,SCIENCE,Returning Students [P]
817,PC1432,LECTURE 1,5,0,0,0,0,SCIENCE,Returning Students [P]
818,PC1432,LECTURE 1,35,0,0,0,0,SCHOOL OF COMPUTING,Returning Students [P]
819,PC2130,LECTURE SL1,30,0,0,0,0,SCIENCE,Returning Students [P]
820,PC2131,LECTURE SL1,6,1,1000,1,1000,SCIENCE,Returning Students [P]
821,PC2132,LECTURE SL1,41,0,0,0,0,SCIENCE,Returning Students [P]
822,PC2193,LECTURE SL1,1,1,1,1,1,SCIENCE,Returning Students [P]
823,PC2267,LECTURE SL1,31,0,0,0,0,SCIENCE,Returning Students [P]
824,PC3193,LECTURE SL1,15,1,1,1,1,SCIENCE,Returning Students [P]
825,PC3231,LECTURE SL1,46,0,0,0,0,SCIENCE,Returning Students [P]
826,PC3232,LECTURE SL1,32,2,1,1,100,SCIENCE,Returning Students [P]
827,PC3233,LECTURE SL1,43,3,1,1,20,SCIENCE,Returning Students [P]
828,PC3235,LECTURE SL1,34,4,1,1,300,SCIENCE,Returning Students [P]
829,PC3242,LECTURE SL1,50,1,1,1,1,SCIENCE,Returning Students [P]
830,PC3247,LECTURE SL1,34,2,1,1,10,SCIENCE,Returning Students [P]
831,PC3274,LECTURE SL1,13,1,1,1,1,SCIENCE,Returning Students [P]
832,PC4130,LECTURE SL1,3,2,400,1,500,SCIENCE,Returning Students [P]
833,PC4241,LECTURE SL1,32,0,0,0,0,SCIENCE,Returning Students [P]
834,PC4246,LECTURE SL1,28,0,0,0,0,SCIENCE,Returning Students [P]
835,PC4248,LECTURE SL1,28,2,100,1,100,SCIENCE,Returning Students [P]
836,PC4259,LECTURE SL1,21,0,0,0,0,SCIENCE,Returning Students [P]
837,PC4259,LECTURE SL1,7,0,0,0,0,ENGINEERING,Returning Students [P]
838,PC4267,LECTURE SL1,43,0,0,0,0,SCIENCE,Returning Students [P]
839,PF2101,LECTURE 1,38,1,1,1,1,SCHOOL OF DESIGN AND ENVIRONMENT,Returning Students [P]
840,PF2102,LECTURE 1,2,2,1,1,93,SCHOOL OF DESIGN AND ENVIRONMENT,Returning Students [P]
841,PF3101,LECTURE 1,26,3,1,1,150,SCHOOL OF DESIGN AND ENVIRONMENT,Returning Students [P]
842,PF4201,LECTURE 1,35,0,0,0,0,SCHOOL OF DESIGN AND ENVIRONMENT,Returning Students [P]
843,PF4302,LECTURE 1,20,19,1,1,1899,SCHOOL OF DESIGN AND ENVIRONMENT,Returning Students [P]
844,PH1101E,LECTURE 1,30,3,1,1,10,ARTS & SOCIAL SCIENCES,Returning Students [P]
845,PH2202,LECTURE 1,16,0,0,0,0,ARTS & SOCIAL SCIENCES,Returning Students [P]
846,PH2203,LECTURE 1,20,0,0,0,0,ARTS & SOCIAL SCIENCES,Returning Students [P]
847,PH2207,LECTURE 1,18,0,0,0,0,ARTS & SOCIAL SCIENCES,Returning Students [P]
848,PH2208,LECTURE 1,7,0,0,0,0,ARTS & SOCIAL SCIENCES,Returning Students [P]
849,PH2219,LECTURE 1,12,0,0,0,0,ARTS & SOCIAL SCIENCES,Returning Students [P]
850,PH2222,LECTURE 1,19,0,0,0,0,ARTS & SOCIAL SCIENCES,Returning Students [P]
851,PH2223,LECTURE 1,15,0,0,0,0,ARTS & SOCIAL SCIENCES,Returning Students [P]
852,PH3204,LECTURE 1,14,0,0,0,0,ARTS & SOCIAL SCIENCES,Returning Students [P]
853,PH3205,LECTURE 1,16,0,0,0,0,ARTS & SOCIAL SCIENCES,Returning Students [P]
854,PH3207,LECTURE 1,13,0,0,0,0,ARTS & SOCIAL SCIENCES,Returning Students [P]
855,PH3212,LECTURE 1,14,0,0,0,0,ARTS & SOCIAL SCIENCES,Returning Students [P]
856,PH3213,LECTURE 1,13,0,0,0,0,ARTS & SOCIAL SCIENCES,Returning Students [P]
857,PH4203,SEMINAR-STYLE MODULE CLASS 1,9,0,0,0,0,ARTS & SOCIAL SCIENCES,Returning Students [P]
858,PH4205,SEMINAR-STYLE MODULE CLASS 1,11,0,0,0,0,ARTS & SOCIAL SCIENCES,Returning Students [P]
859,PH4206,SEMINAR-STYLE MODULE CLASS 1,9,0,0,0,0,ARTS & SOCIAL SCIENCES,Returning Students [P]
860,PH4207,SEMINAR-STYLE MODULE CLASS 1,12,0,0,0,0,ARTS & SOCIAL SCIENCES,Returning Students [P]
861,PH4210,SEMINAR-STYLE MODULE CLASS 1,10,0,0,0,0,ARTS & SOCIAL SCIENCES,Returning Students [P]
862,PL1101E,LECTURE 1,43,0,0,0,0,ARTS & SOCIAL SCIENCES,Returning Students [P]
863,PL2131,LECTURE 1,3,0,0,0,0,ARTS & SOCIAL SCIENCES,Returning Students [P]
864,PL3232,LECTURE 1,115,0,0,0,0,ARTS & SOCIAL SCIENCES,Returning Students [P]
865,PL3233,LECTURE 1,122,0,0,0,0,ARTS & SOCIAL SCIENCES,Returning Students [P]
866,PL3234,LECTURE 1,120,0,0,0,0,ARTS & SOCIAL SCIENCES,Returning Students [P]
867,PL3235,LECTURE 1,128,0,0,0,0,ARTS & SOCIAL SCIENCES,Returning Students [P]
868,PL3236,LECTURE 1,111,1,100,1,100,ARTS & SOCIAL SCIENCES,Returning Students [P]
869,PL3239,LECTURE 1,17,4,1,1,500,ARTS & SOCIAL SCIENCES,Returning Students [P]
870,PL3248,LECTURE 1,8,3,100,1,1800,ARTS & SOCIAL SCIENCES,Returning Students [P]
871,PL3281B,LECTURE 1,6,3,1,1,50,ARTS & SOCIAL SCIENCES,Returning Students [P]
872,PL4202,SEMINAR-STYLE MODULE CLASS 1,1,5,567,1664,1664,ARTS & SOCIAL SCIENCES,Returning Students [P]
873,PL4203,SEMINAR-STYLE MODULE CLASS 1,25,21,1,1,619,ARTS & SOCIAL SCIENCES,Returning Students [P]
874,PL4221,SEMINAR-STYLE MODULE CLASS 1,20,16,1,1,1648,ARTS & SOCIAL SCIENCES,Returning Students [P]
875,PL5221,SEMINAR-STYLE MODULE CLASS 1,20,6,1,1,10,ARTS & SOCIAL SCIENCES,Returning Students [P]
876,PR4203,LECTURE SL1,25,4,1,1,1000,SCIENCE,Returning Students [P]
877,PR4207,LECTURE SL1,69,4,1,1,11,SCIENCE,Returning Students [P]
878,PS1101E,LECTURE 1,25,1,50,1,50,ARTS & SOCIAL SCIENCES,Returning Students [P]
879,PS2238,LECTURE 1,36,0,0,0,0,ARTS & SOCIAL SCIENCES,Returning Students [P]
880,PS2239,LECTURE 1,17,1,300,1,300,ARTS & SOCIAL SCIENCES,Returning Students [P]
881,PS2248,LECTURE 1,37,1,200,1,200,ARTS & SOCIAL SCIENCES,Returning Students [P]
882,PS2249,LECTURE 1,47,1,1,1,1,ARTS & SOCIAL SCIENCES,Returning Students [P]
883,PS2250,LECTURE 1,7,2,101,1,500,ARTS & SOCIAL SCIENCES,Returning Students [P]
884,PS3242,LECTURE 1,9,1,800,1,800,ARTS & SOCIAL SCIENCES,Returning Students [P]
885,PS3243,LECTURE 1,1,2,132,700,700,ARTS & SOCIAL SCIENCES,Returning Students [P]
886,PS3257,LECTURE 1,65,0,0,0,0,ARTS & SOCIAL SCIENCES,Returning Students [P]
887,PS3263,LECTURE 1,11,3,1,1,800,ARTS & SOCIAL SCIENCES,Returning Students [P]
888,PS4205,SEMINAR-STYLE MODULE CLASS 1,3,1,200,1,200,ARTS & SOCIAL SCIENCES,Returning Students [P]
889,PS4208,SEMINAR-STYLE MODULE CLASS 1,14,1,10,1,10,ARTS & SOCIAL SCIENCES,Returning Students [P]
890,PS4216,SEMINAR-STYLE MODULE CLASS 1,1,0,0,0,0,ARTS & SOCIAL SCIENCES,Returning Students [P]
891,PS4216,SEMINAR-STYLE MODULE CLASS 2,5,0,0,0,0,ARTS & SOCIAL SCIENCES,Returning Students [P]
892,PS4217A,SEMINAR-STYLE MODULE CLASS 1,15,0,0,0,0,ARTS & SOCIAL SCIENCES,Returning Students [P]
893,PS4218,SEMINAR-STYLE MODULE CLASS 2,8,1,1,1,1,ARTS & SOCIAL SCIENCES,Returning Students [P]
894,PS4223,SEMINAR-STYLE MODULE CLASS 1,11,2,1,1,1000,ARTS & SOCIAL SCIENCES,Returning Students [P]
895,PS4882A,SEMINAR-STYLE MODULE CLASS 2,2,0,0,0,0,ARTS & SOCIAL SCIENCES,Returning Students [P]
896,QF4102,LECTURE SL1,16,2,1,1,100,SCIENCE,Returning Students [P]
897,RE2801,LECTURE 1,18,0,0,0,0,SCHOOL OF DESIGN AND ENVIRONMENT,Returning Students [P]
898,RE2802,LECTURE 1,3,0,0,0,0,SCHOOL OF DESIGN AND ENVIRONMENT,Returning Students [P]
899,RE3801,LECTURE 1,36,3,5,1,600,SCHOOL OF DESIGN AND ENVIRONMENT,Returning Students [P]
900,RE3802,LECTURE 1,32,2,5,1,50,SCHOOL OF DESIGN AND ENVIRONMENT,Returning Students [P]
901,RE3802,SECTIONAL TEACHING 2,5,0,0,0,0,SCHOOL OF DESIGN AND ENVIRONMENT,Returning Students [P]
902,RE3901,LECTURE 1,135,0,0,0,0,SCHOOL OF DESIGN AND ENVIRONMENT,Returning Students [P]
903,RE3904,LECTURE 1,74,2,100,1,1000,SCHOOL OF DESIGN AND ENVIRONMENT,Returning Students [P]
904,RE4180,LECTURE 1,8,3,1,1,1000,SCHOOL OF DESIGN AND ENVIRONMENT,Returning Students [P]
905,RE4291,LECTURE 1,55,0,0,0,0,SCHOOL OF DESIGN AND ENVIRONMENT,Returning Students [P]
906,RE4292,LECTURE 1,55,0,0,0,0,SCHOOL OF DESIGN AND ENVIRONMENT,Returning Students [P]
907,RE4390,LECTURE 1,32,5,33,1,2000,SCHOOL OF DESIGN AND ENVIRONMENT,Returning Students [P]
908,SC1101E,LECTURE 2,38,1,1,1,1,ARTS & SOCIAL SCIENCES,Returning Students [P]
909,SC1101E,LECTURE 2,145,2,1,1,400,ENGINEERING,Returning Students [P]
910,SC2101,LECTURE 1,89,0,0,0,0,ARTS & SOCIAL SCIENCES,Returning Students [P]
911,SC2202,LECTURE 1,84,3,2,1,60,ARTS & SOCIAL SCIENCES,Returning Students [P]
912,SC2205,LECTURE 1,98,0,0,0,0,ARTS & SOCIAL SCIENCES,Returning Students [P]
913,SC2206,LECTURE 1,100,3,1,1,296,ARTS & SOCIAL SCIENCES,Returning Students [P]
914,SC2210,LECTURE 1,65,1,1,1,1,ARTS & SOCIAL SCIENCES,Returning Students [P]
915,SC2213,LECTURE 1,69,0,0,0,0,ARTS & SOCIAL SCIENCES,Returning Students [P]
916,SC2214,LECTURE 1,16,4,1,1,838,ARTS & SOCIAL SCIENCES,Returning Students [P]
917,SC2214,LECTURE 1,5,0,0,0,0,SCHOOL OF COMPUTING,Returning Students [P]
918,SC2215,LECTURE 1,63,1,10,1,10,ARTS & SOCIAL SCIENCES,Returning Students [P]
919,SC2216,LECTURE 1,44,0,0,0,0,ARTS & SOCIAL SCIENCES,Returning Students [P]
920,SC2218,LECTURE 1,51,0,0,0,0,ARTS & SOCIAL SCIENCES,Returning Students [P]
921,SC3101,LECTURE 1,101,1,10,1,10,ARTS & SOCIAL SCIENCES,Returning Students [P]
922,SC3204,LECTURE 1,20,2,1,1,5,ARTS & SOCIAL SCIENCES,Returning Students [P]
923,SC3205,LECTURE 1,61,0,0,0,0,ARTS & SOCIAL SCIENCES,Returning Students [P]
924,SC3209,LECTURE 1,15,0,0,0,0,ARTS & SOCIAL SCIENCES,Returning Students [P]
925,SC3220,LECTURE 1,34,1,1,1,1,ARTS & SOCIAL SCIENCES,Returning Students [P]
926,SC3221,LECTURE 1,4,0,0,0,0,ARTS & SOCIAL SCIENCES,Returning Students [P]
927,SC4208A,SEMINAR-STYLE MODULE CLASS 1,13,2,100,1,3000,ARTS & SOCIAL SCIENCES,Returning Students [P]
928,SC5208,SEMINAR-STYLE MODULE CLASS 1,4,1,1400,1,1400,ARTS & SOCIAL SCIENCES,Returning Students [P]
929,SC5209,SEMINAR-STYLE MODULE CLASS 1,2,2,1,1,19,ARTS & SOCIAL SCIENCES,Returning Students [P]
930,SE2210,LECTURE 1,19,1,1,1,1,ARTS & SOCIAL SCIENCES,Returning Students [P]
931,SE2213,LECTURE 1,40,0,0,0,0,ARTS & SOCIAL SCIENCES,Returning Students [P]
932,SE2218,LECTURE 1,20,0,0,0,0,ARTS & SOCIAL SCIENCES,Returning Students [P]
933,SE2219,LECTURE 1,20,0,0,0,0,ARTS & SOCIAL SCIENCES,Returning Students [P]
934,SE2221,LECTURE 1,40,0,0,0,0,ARTS & SOCIAL SCIENCES,Returning Students [P]
935,SE3211,LECTURE 1,20,0,0,0,0,ARTS & SOCIAL SCIENCES,Returning Students [P]
936,SE3213,LECTURE 1,19,0,0,0,0,ARTS & SOCIAL SCIENCES,Returning Students [P]
937,SE3214,LECTURE 1,20,0,0,0,0,ARTS & SOCIAL SCIENCES,Returning Students [P]
938,SE4101,SEMINAR-STYLE MODULE CLASS 1,9,1,1,1,1,ARTS & SOCIAL SCIENCES,Returning Students [P]
939,SE4217,SEMINAR-STYLE MODULE CLASS 1,7,0,0,0,0,ARTS & SOCIAL SCIENCES,Returning Students [P]
940,SE4218,SEMINAR-STYLE MODULE CLASS 1,5,0,0,0,0,ARTS & SOCIAL SCIENCES,Returning Students [P]
941,SE4223,SEMINAR-STYLE MODULE CLASS 1,8,0,0,0,0,ARTS & SOCIAL SCIENCES,Returning Students [P]
942,SE5222,SEMINAR-STYLE MODULE CLASS 1,10,0,0,0,0,ARTS & SOCIAL SCIENCES,Returning Students [P]
943,SE5229,SEMINAR-STYLE MODULE CLASS 1,9,0,0,0,0,ARTS & SOCIAL SCIENCES,Returning Students [P]
944,SE5294,SEMINAR-STYLE MODULE CLASS 1,9,0,0,0,0,ARTS & SOCIAL SCIENCES,Returning Students [P]
945,SH5002,LECTURE 1,6,0,0,0,0,ENGINEERING,Returning Students [P]
946,SH5402,LECTURE 1,9,0,0,0,0,ENGINEERING,Returning Students [P]
947,SN1101E,LECTURE 1,32,5,1,1,2,ARTS & SOCIAL SCIENCES,Returning Students [P]
948,SN2231,LECTURE 1,20,0,0,0,0,ARTS & SOCIAL SCIENCES,Returning Students [P]
949,SN2234,SEMINAR-STYLE MODULE CLASS 1,20,0,0,0,0,ARTS & SOCIAL SCIENCES,Returning Students [P]
950,SN2275,LECTURE 1,10,0,0,0,0,ARTS & SOCIAL SCIENCES,Returning Students [P]
951,SN3261,SEMINAR-STYLE MODULE CLASS 1,15,0,0,0,0,ARTS & SOCIAL SCIENCES,Returning Students [P]
952,SN3276,SEMINAR-STYLE MODULE CLASS 1,15,0,0,0,0,ARTS & SOCIAL SCIENCES,Returning Students [P]
953,SP1202,LECTURE SL1,8,0,0,0,0,SCIENCE,Returning Students [P]
954,SP1202,LECTURE SL2,8,0,0,0,0,SCIENCE,Returning Students [P]
955,SP1202,LECTURE SL3,9,1,1,1,1,SCIENCE,Returning Students [P]
956,SP1202,LECTURE SL4,8,0,0,0,0,SCIENCE,Returning Students [P]
957,SP1202,LECTURE SL5,9,0,0,0,0,SCIENCE,Returning Students [P]
958,SP1202,LECTURE SL6,9,0,0,0,0,SCIENCE,Returning Students [P]
959,SP1202,LECTURE SL7,9,0,0,0,0,SCIENCE,Returning Students [P]
960,SSA2204,LECTURE 1,27,6,1,1,250,ENGINEERING,Returning Students [P]
961,SSA2211,LECTURE 1,12,5,1,1,2100,ENGINEERING,Returning Students [P]
962,SSA2220T,LECTURE 1,5,0,0,0,0,ENGINEERING,Returning Students [P]
963,SSB1204T,LECTURE 1,4,0,0,0,0,ENGINEERING,Returning Students [P]
964,SSB2216T,SECTIONAL TEACHING 1,2,0,0,0,0,ENGINEERING,Returning Students [P]
965,ST1131,LECTURE SL1,4,0,0,0,0,SCIENCE,Returning Students [P]
966,ST1131,LECTURE SL2,7,0,0,0,0,SCIENCE,Returning Students [P]
967,ST1131A,LECTURE SL1,32,0,0,0,0,SCHOOL OF BUSINESS,Returning Students [P]
968,ST1232,LECTURE SL1,6,0,0,0,0,SCHOOL OF COMPUTING,Returning Students [P]
969,ST2131,LECTURE SL1,77,0,0,0,0,SCIENCE,Returning Students [P]
970,ST2131,LECTURE SL1,74,4,1,1,636,SCHOOL OF COMPUTING,Returning Students [P]
971,ST2132,LECTURE SL1,23,1,500,1,500,SCIENCE,Returning Students [P]
972,ST2132,LECTURE SL1,6,0,0,0,0,SCHOOL OF COMPUTING,Returning Students [P]
973,ST2334,LECTURE SL1,50,0,0,0,0,SCIENCE,Returning Students [P]
974,ST2334,LECTURE SL1,91,1,1,1,1,SCHOOL OF COMPUTING,Returning Students [P]
975,ST3131,LECTURE SL1,66,2,1,1,1,SCIENCE,Returning Students [P]
976,ST3235,LECTURE SL1,85,3,1,1,1,SCIENCE,Returning Students [P]
977,ST3236,LECTURE SL1,32,4,1,1,500,SCIENCE,Returning Students [P]
978,ST3242,LECTURE SL1,68,2,1,1,2,SCIENCE,Returning Students [P]
979,ST3243,LECTURE SL1,39,1,1,1,1,SCIENCE,Returning Students [P]
980,ST4231,LECTURE SL1,17,2,1,1,1000,SCIENCE,Returning Students [P]
981,ST4233,LECTURE SL1,3,3,2,1,1000,SCIENCE,Returning Students [P]
982,SW1101E,LECTURE 1,10,1,1,1,1,ARTS & SOCIAL SCIENCES,Returning Students [P]
983,SW1101E,LECTURE 2,21,0,0,0,0,ARTS & SOCIAL SCIENCES,Returning Students [P]
984,SW2101,LECTURE 1,39,0,0,0,0,ARTS & SOCIAL SCIENCES,Returning Students [P]
985,SW2103,LECTURE 1,9,0,0,0,0,ARTS & SOCIAL SCIENCES,Returning Students [P]
986,SW2104,LECTURE 1,113,0,0,0,0,ARTS & SOCIAL SCIENCES,Returning Students [P]
987,SW2105,LECTURE 1,32,0,0,0,0,ARTS & SOCIAL SCIENCES,Returning Students [P]
988,SW3101,LECTURE 1,24,0,0,0,0,ARTS & SOCIAL SCIENCES,Returning Students [P]
989,SW3207,LECTURE 1,15,2,1,1,100,ARTS & SOCIAL SCIENCES,Returning Students [P]
990,SW3209,LECTURE 1,3,1,1,1,1,ARTS & SOCIAL SCIENCES,Returning Students [P]
991,SW3211,LECTURE 1,45,0,0,0,0,ARTS & SOCIAL SCIENCES,Returning Students [P]
992,SW4102,SEMINAR-STYLE MODULE CLASS 1,4,0,0,0,0,ARTS & SOCIAL SCIENCES,Returning Students [P]
993,SW4103,SEMINAR-STYLE MODULE CLASS 1,3,0,0,0,0,ARTS & SOCIAL SCIENCES,Returning Students [P]
994,SW4201,SEMINAR-STYLE MODULE CLASS 1,6,0,0,0,0,ARTS & SOCIAL SCIENCES,Returning Students [P]
995,SW4208,SEMINAR-STYLE MODULE CLASS 1,6,0,0,0,0,ARTS & SOCIAL SCIENCES,Returning Students [P]
996,TC1401,LECTURE 1,5,0,0,0,0,ENGINEERING,Returning Students [P]
997,TC2113,LECTURE 1,21,2,1,1,80,ENGINEERING,Returning Students [P]
998,TC2421,LECTURE 1,53,2,1,1,1,ENGINEERING,Returning Students [P]
999,TC3111,LECTURE 1,25,1,80,1,80,ENGINEERING,Returning Students [P]
1000,TC3114,LECTURE 1,14,2,1,1,80,ENGINEERING,Returning Students [P]
1001,TC4101,LECTURE 1,16,4,1,1,10,ENGINEERING,Returning Students [P]
1002,TC4118,LECTURE 1,109,2,1,1,2,ENGINEERING,Returning Students [P]
1003,TE2003,LECTURE 1,215,3,1,1,1,ENGINEERING,Returning Students [P]
1004,TE2101,LECTURE 1,44,0,0,0,0,ENGINEERING,Returning Students [P]
1005,TE4001,LECTURE 1,79,1,50,1,50,ENGINEERING,Returning Students [P]
1006,TG1401,LECTURE 1,9,0,0,0,0,ENGINEERING,Returning Students [P]
1007,TM1402,LECTURE 1,7,0,0,0,0,ENGINEERING,Returning Students [P]
1008,TM2112,LECTURE 1,35,0,0,0,0,ENGINEERING,Returning Students [P]
1009,TM2122,LECTURE 1,31,1,10,1,10,ENGINEERING,Returning Students [P]
1010,TM4101,LECTURE 1,123,2,2,1,1000,ENGINEERING,Returning Students [P]
1011,TP5025,LECTURE 1,15,0,0,0,0,ENGINEERING,Returning Students [P]
1012,TP5027,LECTURE 1,18,0,0,0,0,ENGINEERING,Returning Students [P]
1013,TR2201,SECTIONAL TEACHING A1,55,1,1,1,1,SCHOOL OF BUSINESS,Returning Students [P]
1014,TR2201,SECTIONAL TEACHING A2,55,0,0,0,0,SCHOOL OF BUSINESS,Returning Students [P]
1015,TR2201,SECTIONAL TEACHING A3,48,0,0,0,0,SCHOOL OF BUSINESS,Returning Students [P]
1016,TR2202,SECTIONAL TEACHING A1,5,4,1,1,100,ENGINEERING,Returning Students [P]
1017,TR2202,SECTIONAL TEACHING A1,2,2,700,1,700,SCHOOL OF BUSINESS,Returning Students [P]
1018,TR2202,SECTIONAL TEACHING A2,4,2,1,1,500,ENGINEERING,Returning Students [P]
1019,TR2202,SECTIONAL TEACHING A2,13,0,0,0,0,SCHOOL OF BUSINESS,Returning Students [P]
1020,TR3001,SECTIONAL TEACHING C1,4,2,10,1,25,ENGINEERING,Returning Students [P]
1021,TR3001,SECTIONAL TEACHING C1,37,3,1,1,1829,SCHOOL OF BUSINESS,Returning Students [P]
1022,TR3001,SECTIONAL TEACHING C2,5,1,1,1,1,ENGINEERING,Returning Students [P]
1023,TR3001,SECTIONAL TEACHING C2,17,0,0,0,0,SCHOOL OF BUSINESS,Returning Students [P]
1024,TR3002,SECTIONAL TEACHING A1,4,1,975,1,975,SCHOOL OF BUSINESS,Returning Students [P]
1025,TS2120,LECTURE 1,22,0,0,0,0,ENGINEERING,Returning Students [P]
1026,TS2231,SEMINAR-STYLE MODULE CLASS 1,26,0,0,0,0,ARTS & SOCIAL SCIENCES,Returning Students [P]
1027,TS2232,SEMINAR-STYLE MODULE CLASS 1,17,0,0,0,0,ARTS & SOCIAL SCIENCES,Returning Students [P]
1028,TS2233,SEMINAR-STYLE MODULE CLASS 1,33,0,0,0,0,ARTS & SOCIAL SCIENCES,Returning Students [P]
1029,TS2237,LECTURE 1,27,0,0,0,0,ARTS & SOCIAL SCIENCES,Returning Students [P]
1030,TS2238,LECTURE 1,32,2,100,1,500,ARTS & SOCIAL SCIENCES,Returning Students [P]
1031,TS2239,SEMINAR-STYLE MODULE CLASS 1,28,1,2,1,2,ARTS & SOCIAL SCIENCES,Returning Students [P]
1032,TS3232,SEMINAR-STYLE MODULE CLASS 1,19,1,100,1,100,ARTS & SOCIAL SCIENCES,Returning Students [P]
1033,TS3235,LECTURE 1,7,0,0,0,0,ARTS & SOCIAL SCIENCES,Returning Students [P]
1034,TS3236,SEMINAR-STYLE MODULE CLASS 1,24,0,0,0,0,ARTS & SOCIAL SCIENCES,Returning Students [P]
1035,TS4218,SEMINAR-STYLE MODULE CLASS 1,17,0,0,0,0,ARTS & SOCIAL SCIENCES,Returning Students [P]
1036,TS4219,SEMINAR-STYLE MODULE CLASS 1,16,0,0,0,0,ARTS & SOCIAL SCIENCES,Returning Students [P]
1037,TS4220,SEMINAR-STYLE MODULE CLASS 1,19,0,0,0,0,ARTS & SOCIAL SCIENCES,Returning Students [P]
1038,TS4221,SEMINAR-STYLE MODULE CLASS 1,15,1,2,1,2,ARTS & SOCIAL SCIENCES,Returning Students [P]
1039,UD5221,LECTURE 1,74,3,1,1,1000,SCHOOL OF DESIGN AND ENVIRONMENT,Returning Students [P]
1040,USC2001,LECTURE SL1,35,0,0,0,0,SCIENCE,Returning Students [P]
1041,USC3002,LECTURE SL1,30,0,0,0,0,SCIENCE,Returning Students [P]
1042,XD3103,LECTURE 1,58,0,0,0,0,ARTS & SOCIAL SCIENCES,Returning Students [P]
